{"type":"FeatureCollection","features":[{"type":"Feature","properties":{"adcode":"500100","name":"重庆城区","level":"city","center":[106.504962,29.533155],"site":"https://geojson.hxkj.vip"},"geometry":{"type":"MultiPolygon","coordinates":[[[[106.2604,30.204],[106.2572,30.2068],[106.259,30.209],[106.2616,30.2062],[106.2605,30.204],[106.2604,30.204]]],[[[105.5575,30.1958],[105.5614,30.1887],[105.5589,30.1856],[105.5569,30.1867],[105.5552,30.1929],[105.5575,30.1958]]],[[[105.5831,30.1239],[105.5731,30.1259],[105.5742,30.1304],[105.5803,30.1297],[105.5795,30.1271],[105.5827,30.1275],[105.5831,30.1239]]],[[[106.9766,30.0881],[106.9754,30.0888],[106.9767,30.0882],[106.9766,30.0881]]],[[[106.9805,30.0877],[106.9805,30.0877]]],[[[106.9785,30.0874],[106.9773,30.0869],[106.9785,30.0874]]],[[[107.0584,30.043],[107.0542,30.0408],[107.0538,30.0437],[107.0574,30.0429],[107.0584,30.043]]],[[[106.1624,30.2836],[106.1624,30.2858],[106.171,30.2868],[106.1711,30.2854],[106.1624,30.2836]]],[[[106.2083,30.2404],[106.2064,30.2495],[106.2153,30.2566],[106.2183,30.2561],[106.2287,30.2479],[106.2288,30.2449],[106.2258,30.2421],[106.223,30.2413],[106.2161,30.244],[106.2087,30.2404],[106.2083,30.2404]]],[[[106.202,30.2024],[106.2002,30.2024],[106.2039,30.2072],[106.2045,30.2057],[106.202,30.2024]]],[[[108.4326,31.6289],[108.4427,31.6337],[108.4509,31.6323],[108.4565,31.6289],[108.4621,31.6194],[108.4653,31.6184],[108.4683,31.6223],[108.4676,31.6331],[108.4706,31.6381],[108.4752,31.64],[108.4814,31.6392],[108.4902,31.6413],[108.4946,31.6495],[108.5022,31.652],[108.5019,31.6538],[108.5045,31.6563],[108.5151,31.6571],[108.5191,31.6657],[108.5292,31.6656],[108.5334,31.6693],[108.5421,31.6643],[108.5461,31.6647],[108.5465,31.6667],[108.5428,31.6736],[108.549,31.6744],[108.5609,31.6695],[108.5643,31.6735],[108.5745,31.6709],[108.5774,31.6684],[108.576,31.6661],[108.5768,31.6641],[108.5833,31.6644],[108.587,31.6591],[108.5908,31.6584],[108.5926,31.6562],[108.5983,31.6558],[108.6087,31.6504],[108.6119,31.6521],[108.6149,31.6494],[108.6195,31.6486],[108.6244,31.6516],[108.631,31.6451],[108.6361,31.6434],[108.6387,31.6405],[108.6401,31.637],[108.6393,31.6277],[108.6412,31.6252],[108.6479,31.6219],[108.6506,31.6219],[108.6531,31.6251],[108.6573,31.6263],[108.6621,31.6242],[108.6757,31.6227],[108.6796,31.6236],[108.6828,31.6275],[108.6915,31.6252],[108.6962,31.6268],[108.6952,31.6305],[108.6996,31.6341],[108.7147,31.6277],[108.7238,31.6298],[108.7276,31.6344],[108.7369,31.6334],[108.7423,31.6409],[108.7481,31.6425],[108.7553,31.6471],[108.7552,31.6554],[108.7581,31.6643],[108.7682,31.6761],[108.7686,31.6809],[108.7715,31.6823],[108.7784,31.6819],[108.7821,31.6888],[108.7966,31.6839],[108.8099,31.6858],[108.8399,31.6842],[108.845,31.6864],[108.8465,31.6825],[108.8489,31.6811],[108.8616,31.6805],[108.8658,31.6702],[108.8742,31.6643],[108.8794,31.6638],[108.8884,31.655],[108.8982,31.6548],[108.8952,31.6517],[108.8966,31.6472],[108.8922,31.6412],[108.893,31.631],[108.8877,31.6257],[108.8875,31.6234],[108.8887,31.6198],[108.8954,31.6156],[108.8966,31.6095],[108.8949,31.606],[108.8872,31.6032],[108.8839,31.6054],[108.8813,31.6048],[108.8651,31.5928],[108.8548,31.5799],[108.85,31.5774],[108.8442,31.5768],[108.8407,31.5743],[108.8371,31.5742],[108.8242,31.5789],[108.8203,31.5746],[108.8029,31.5759],[108.794,31.5514],[108.7861,31.5489],[108.7844,31.5463],[108.7771,31.5436],[108.7695,31.5298],[108.7655,31.5083],[108.7625,31.5044],[108.748,31.5052],[108.7305,31.4997],[108.7243,31.5029],[108.7128,31.5012],[108.7036,31.5042],[108.695,31.5012],[108.6952,31.4975],[108.6998,31.4905],[108.6966,31.4778],[108.7051,31.4685],[108.7031,31.4633],[108.7335,31.4514],[108.7401,31.4418],[108.7513,31.4439],[108.7541,31.4428],[108.7599,31.4386],[108.7578,31.4309],[108.7421,31.4201],[108.7398,31.4151],[108.7403,31.4085],[108.7389,31.4065],[108.7318,31.4046],[108.7364,31.3957],[108.735,31.3924],[108.73,31.3908],[108.7095,31.3943],[108.6987,31.3903],[108.6937,31.3859],[108.6917,31.381],[108.6935,31.3774],[108.7092,31.375],[108.7108,31.3734],[108.7081,31.3724],[108.7079,31.3703],[108.7048,31.3711],[108.7019,31.3656],[108.6968,31.3624],[108.6968,31.3583],[108.7015,31.349],[108.6993,31.3446],[108.6833,31.3408],[108.669,31.3416],[108.6645,31.3399],[108.659,31.341],[108.6442,31.3395],[108.639,31.3374],[108.6358,31.3299],[108.6373,31.3237],[108.6583,31.3002],[108.6587,31.2931],[108.6546,31.2892],[108.6363,31.2835],[108.643,31.2773],[108.6435,31.2687],[108.6421,31.2663],[108.6367,31.2648],[108.6305,31.2568],[108.621,31.2591],[108.6192,31.2573],[108.6186,31.2522],[108.5974,31.2326],[108.5911,31.2054],[108.5888,31.2024],[108.5906,31.1953],[108.5897,31.1887],[108.5877,31.1851],[108.5777,31.1789],[108.5796,31.1767],[108.5839,31.1777],[108.5836,31.1749],[108.5853,31.1738],[108.5917,31.1738],[108.5984,31.1709],[108.6026,31.1613],[108.5931,31.156],[108.5903,31.1512],[108.5845,31.147],[108.5769,31.1429],[108.5694,31.1414],[108.5655,31.138],[108.5627,31.1305],[108.5646,31.1264],[108.5622,31.1146],[108.5585,31.1121],[108.551,31.1107],[108.5475,31.1065],[108.5589,31.0889],[108.5379,31.0955],[108.5353,31.0917],[108.5399,31.083],[108.5285,31.0836],[108.52,31.0802],[108.5126,31.0793],[108.5107,31.0772],[108.5118,31.0739],[108.4962,31.069],[108.4882,31.0647],[108.4869,31.0631],[108.4878,31.0582],[108.4769,31.0538],[108.4805,31.0477],[108.4791,31.0421],[108.48,31.0378],[108.4737,31.0218],[108.4503,31.0132],[108.4372,31.014],[108.4321,31.0127],[108.418,31.0061],[108.4149,31.0009],[108.415,30.9989],[108.4265,30.9982],[108.4329,30.9995],[108.4391,31.0029],[108.4446,30.9987],[108.4507,30.9996],[108.4536,30.9979],[108.4556,30.9947],[108.4527,30.9851],[108.4543,30.9807],[108.4547,30.9702],[108.4562,30.968],[108.4605,30.9674],[108.4655,30.9719],[108.471,30.9717],[108.4872,30.9773],[108.4911,30.9739],[108.4966,30.9728],[108.5041,30.9773],[108.5011,30.9865],[108.5066,30.9926],[108.5116,30.9928],[108.5167,30.9905],[108.5309,30.9957],[108.5384,30.9952],[108.5393,30.9926],[108.5326,30.9881],[108.5335,30.9805],[108.5313,30.978],[108.5238,30.9765],[108.5236,30.9732],[108.5307,30.9623],[108.5381,30.9578],[108.5409,30.9465],[108.5476,30.9404],[108.5456,30.9333],[108.5519,30.9168],[108.5559,30.9126],[108.57,30.9128],[108.5883,30.9173],[108.5966,30.9231],[108.6097,30.9389],[108.6189,30.9347],[108.6192,30.927],[108.6238,30.9246],[108.6283,30.9188],[108.6234,30.9138],[108.6231,30.9115],[108.6253,30.9094],[108.6223,30.9054],[108.6232,30.8936],[108.6216,30.8886],[108.6248,30.876],[108.6274,30.8753],[108.635,30.8802],[108.6363,30.8828],[108.6342,30.8845],[108.6386,30.8882],[108.6524,30.8914],[108.6596,30.8777],[108.6592,30.8726],[108.666,30.868],[108.6716,30.8524],[108.6759,30.8514],[108.6864,30.8447],[108.6851,30.836],[108.6969,30.8255],[108.6988,30.822],[108.6973,30.817],[108.7,30.8118],[108.7048,30.8118],[108.7152,30.8151],[108.716,30.8187],[108.7181,30.8192],[108.7197,30.8149],[108.7317,30.8149],[108.7385,30.808],[108.7393,30.8041],[108.7379,30.7982],[108.7405,30.7879],[108.7473,30.7834],[108.7468,30.7815],[108.7414,30.7788],[108.7402,30.7755],[108.7498,30.7455],[108.755,30.74],[108.7647,30.7421],[108.7687,30.7378],[108.7676,30.7336],[108.7624,30.7294],[108.7671,30.7225],[108.7634,30.713],[108.7898,30.7143],[108.7924,30.713],[108.7909,30.709],[108.7926,30.7066],[108.7799,30.6957],[108.7806,30.6902],[108.7789,30.6862],[108.7812,30.683],[108.8201,30.694],[108.8233,30.6917],[108.8291,30.679],[108.8359,30.6784],[108.8368,30.6801],[108.8486,30.6819],[108.8497,30.6841],[108.8535,30.6844],[108.8548,30.6874],[108.8609,30.6865],[108.8635,30.6894],[108.8715,30.6898],[108.8732,30.692],[108.8768,30.6924],[108.8775,30.6951],[108.8815,30.6961],[108.8835,30.6958],[108.8848,30.6868],[108.8885,30.6886],[108.8897,30.6864],[108.8932,30.6863],[108.8963,30.684],[108.9,30.6764],[108.9006,30.6641],[108.9026,30.6622],[108.9005,30.6559],[108.9017,30.6468],[108.8989,30.6412],[108.8948,30.64],[108.896,30.6353],[108.888,30.6334],[108.8884,30.6307],[108.8823,30.629],[108.8818,30.6259],[108.8792,30.6261],[108.8765,30.6235],[108.8762,30.6189],[108.8717,30.6183],[108.8732,30.6153],[108.8696,30.6113],[108.8945,30.5924],[108.9013,30.5891],[108.9118,30.5781],[108.8994,30.5703],[108.8931,30.5578],[108.8717,30.5327],[108.8547,30.5228],[108.855,30.5189],[108.853,30.515],[108.8437,30.5059],[108.8115,30.492],[108.806,30.492],[108.8005,30.5042],[108.79,30.5133],[108.7722,30.5032],[108.7628,30.5053],[108.7571,30.5043],[108.7537,30.5021],[108.7509,30.4969],[108.7449,30.4946],[108.725,30.5062],[108.7241,30.5096],[108.7269,30.5136],[108.7263,30.5154],[108.714,30.5208],[108.7119,30.5232],[108.7112,30.5264],[108.7158,30.5304],[108.7156,30.5332],[108.7121,30.5376],[108.7064,30.5383],[108.6991,30.5449],[108.6991,30.5547],[108.6971,30.5582],[108.7,30.5618],[108.6948,30.5711],[108.6937,30.5816],[108.6911,30.5861],[108.6873,30.5876],[108.6622,30.588],[108.6459,30.5803],[108.6399,30.5748],[108.6434,30.562],[108.6499,30.5539],[108.6501,30.5495],[108.6483,30.547],[108.6494,30.5378],[108.6427,30.5324],[108.6322,30.5293],[108.6286,30.5252],[108.6244,30.5261],[108.6201,30.5229],[108.6241,30.5198],[108.6217,30.5155],[108.6112,30.5116],[108.605,30.5114],[108.6056,30.5067],[108.6115,30.5051],[108.6114,30.5022],[108.5986,30.4939],[108.5906,30.4947],[108.5913,30.4878],[108.5849,30.4877],[108.5817,30.4859],[108.5799,30.4796],[108.576,30.4791],[108.5712,30.4747],[108.5692,30.4693],[108.5662,30.4684],[108.5641,30.4692],[108.5635,30.4745],[108.5606,30.4787],[108.5576,30.4816],[108.5519,30.4835],[108.5516,30.4849],[108.5568,30.4857],[108.5562,30.4875],[108.5468,30.4887],[108.5429,30.492],[108.535,30.4908],[108.5387,30.4859],[108.5322,30.4909],[108.5297,30.4908],[108.5276,30.4874],[108.5255,30.4909],[108.5141,30.5007],[108.5079,30.5032],[108.4918,30.5015],[108.4815,30.4904],[108.4727,30.4873],[108.4629,30.4881],[108.4592,30.4904],[108.4555,30.4888],[108.4561,30.4954],[108.4544,30.4962],[108.4462,30.4919],[108.4424,30.4922],[108.4408,30.4905],[108.4404,30.4859],[108.4356,30.4934],[108.427,30.4923],[108.4274,30.4886],[108.4256,30.4879],[108.4212,30.4941],[108.421,30.4972],[108.4242,30.5047],[108.4296,30.5119],[108.4278,30.5126],[108.4189,30.5085],[108.4123,30.5031],[108.4114,30.5077],[108.413,30.5117],[108.4113,30.517],[108.4044,30.5157],[108.3996,30.5205],[108.4007,30.5277],[108.404,30.5309],[108.4097,30.5327],[108.4107,30.5354],[108.4096,30.5451],[108.4049,30.5485],[108.3946,30.5367],[108.39,30.536],[108.3833,30.5381],[108.3787,30.5349],[108.3507,30.4907],[108.3446,30.477],[108.3388,30.4704],[108.3332,30.4504],[108.3174,30.4339],[108.3167,30.4262],[108.3123,30.4237],[108.3077,30.4163],[108.2999,30.4094],[108.2969,30.4014],[108.2928,30.4013],[108.2769,30.4071],[108.262,30.3886],[108.2599,30.3901],[108.2521,30.4063],[108.2367,30.4092],[108.2347,30.4143],[108.2236,30.4213],[108.226,30.4269],[108.2421,30.4444],[108.232,30.4563],[108.2307,30.464],[108.2318,30.4742],[108.2305,30.4767],[108.2078,30.4977],[108.1935,30.5156],[108.1845,30.5182],[108.1756,30.5106],[108.1735,30.5111],[108.1705,30.5182],[108.1658,30.5218],[108.1656,30.5244],[108.1709,30.5329],[108.1714,30.5393],[108.1652,30.5413],[108.1557,30.5361],[108.1525,30.5359],[108.1531,30.5459],[108.1498,30.5496],[108.1436,30.5662],[108.1395,30.5681],[108.1324,30.5644],[108.1247,30.5649],[108.1197,30.5765],[108.126,30.5772],[108.1272,30.5861],[108.1197,30.5906],[108.1138,30.5894],[108.1116,30.5935],[108.1056,30.5915],[108.1032,30.5876],[108.1021,30.5776],[108.1039,30.5734],[108.1023,30.5725],[108.0956,30.5748],[108.0865,30.5728],[108.0845,30.5746],[108.0834,30.5796],[108.0742,30.5823],[108.0661,30.5786],[108.0627,30.5744],[108.0529,30.5721],[108.0426,30.5758],[108.0377,30.5754],[108.0329,30.5731],[108.0302,30.5623],[108.0279,30.5602],[108.0038,30.5422],[107.9902,30.5389],[107.9857,30.531],[107.9764,30.5266],[107.9726,30.5219],[107.965,30.5305],[107.9597,30.5318],[107.9536,30.5227],[107.9554,30.5195],[107.9537,30.5144],[107.9493,30.5106],[107.9434,30.5009],[107.9431,30.4945],[107.9459,30.4934],[107.9448,30.4921],[107.9466,30.486],[107.9461,30.4838],[107.9422,30.4826],[107.941,30.4858],[107.937,30.4852],[107.9308,30.4882],[107.9248,30.4941],[107.916,30.4953],[107.9079,30.5037],[107.9026,30.5046],[107.9009,30.5027],[107.8967,30.5033],[107.8855,30.5112],[107.8889,30.5176],[107.8863,30.5226],[107.888,30.5301],[107.8865,30.5336],[107.888,30.5348],[107.8872,30.5406],[107.8915,30.5444],[107.8897,30.5484],[107.8817,30.5493],[107.8704,30.5473],[107.8617,30.559],[107.8554,30.555],[107.85,30.558],[107.8454,30.5559],[107.8423,30.5569],[107.8391,30.5555],[107.8313,30.5585],[107.8255,30.5528],[107.8294,30.5468],[107.8278,30.5404],[107.8183,30.5295],[107.8183,30.5266],[107.8161,30.5265],[107.817,30.5233],[107.814,30.5216],[107.8168,30.5189],[107.8143,30.5175],[107.8178,30.516],[107.8192,30.5057],[107.8184,30.498],[107.8137,30.4957],[107.8152,30.4916],[107.8122,30.4879],[107.8128,30.4855],[107.8106,30.4824],[107.8131,30.4812],[107.8137,30.4765],[107.8175,30.4715],[107.8139,30.4671],[107.8127,30.4699],[107.8062,30.4708],[107.8023,30.4762],[107.7965,30.4792],[107.7952,30.4816],[107.7965,30.4848],[107.7933,30.4881],[107.7898,30.4883],[107.7798,30.4962],[107.7765,30.4957],[107.7778,30.4976],[107.7768,30.5012],[107.7792,30.5018],[107.7772,30.5064],[107.7738,30.5083],[107.7714,30.5072],[107.7719,30.5088],[107.769,30.51],[107.7677,30.5138],[107.7658,30.5119],[107.7634,30.5143],[107.7574,30.5141],[107.7489,30.5209],[107.7455,30.5217],[107.7267,30.4976],[107.7204,30.4926],[107.7157,30.4826],[107.7067,30.4714],[107.6952,30.461],[107.6795,30.4386],[107.6618,30.4204],[107.6571,30.4232],[107.6559,30.4305],[107.6691,30.4459],[107.6735,30.4539],[107.6735,30.4602],[107.6703,30.4645],[107.662,30.4698],[107.6369,30.4705],[107.6344,30.4731],[107.6386,30.4808],[107.6342,30.4858],[107.6293,30.4856],[107.6253,30.4807],[107.6176,30.4773],[107.6117,30.4721],[107.6102,30.4739],[107.6124,30.4784],[107.6113,30.4801],[107.594,30.4752],[107.5705,30.4773],[107.5673,30.4789],[107.5622,30.488],[107.5559,30.4889],[107.5534,30.4908],[107.5555,30.4985],[107.5528,30.5035],[107.5444,30.4989],[107.533,30.5006],[107.5318,30.4955],[107.5292,30.4922],[107.5228,30.4886],[107.5162,30.4892],[107.5091,30.4953],[107.4982,30.4956],[107.4899,30.4906],[107.4819,30.4797],[107.4792,30.4786],[107.4653,30.482],[107.4607,30.4811],[107.4614,30.4852],[107.4548,30.4886],[107.4544,30.4902],[107.456,30.4912],[107.4506,30.4917],[107.4468,30.4977],[107.4375,30.5019],[107.4255,30.5108],[107.4196,30.511],[107.4053,30.5164],[107.4087,30.5216],[107.4184,30.5166],[107.4218,30.517],[107.4338,30.5236],[107.4413,30.5312],[107.4428,30.5353],[107.4377,30.5377],[107.4276,30.5482],[107.4351,30.5515],[107.4503,30.5656],[107.453,30.5698],[107.4609,30.5717],[107.4604,30.5756],[107.4668,30.5806],[107.4674,30.5863],[107.4853,30.5983],[107.4937,30.619],[107.5167,30.6442],[107.5164,30.6488],[107.509,30.6514],[107.5066,30.6549],[107.4992,30.6602],[107.4891,30.6635],[107.4774,30.6648],[107.4732,30.6682],[107.4722,30.6751],[107.4697,30.6776],[107.4614,30.6791],[107.4566,30.6824],[107.461,30.6875],[107.4619,30.6906],[107.4607,30.693],[107.4635,30.695],[107.4583,30.6938],[107.4596,30.6985],[107.4586,30.7048],[107.4528,30.7066],[107.437,30.721],[107.4348,30.7264],[107.4314,30.7289],[107.4303,30.735],[107.4243,30.7407],[107.4262,30.7474],[107.438,30.7467],[107.4398,30.7505],[107.4457,30.753],[107.4409,30.7554],[107.4397,30.7586],[107.4468,30.7701],[107.4456,30.7726],[107.4421,30.7737],[107.4427,30.7764],[107.4448,30.7754],[107.4434,30.7776],[107.4477,30.7788],[107.4539,30.7716],[107.4584,30.7729],[107.4625,30.77],[107.4666,30.7747],[107.46,30.7856],[107.4663,30.7846],[107.4734,30.7858],[107.4733,30.791],[107.4773,30.7923],[107.4766,30.7981],[107.4778,30.7998],[107.4885,30.8038],[107.4921,30.8027],[107.4938,30.8037],[107.4924,30.8077],[107.4861,30.8091],[107.4902,30.8108],[107.4967,30.8093],[107.4989,30.8102],[107.4984,30.8119],[107.4921,30.8155],[107.4952,30.8209],[107.4894,30.8219],[107.4893,30.825],[107.4928,30.8298],[107.4921,30.8332],[107.49,30.8345],[107.4866,30.8335],[107.4802,30.8385],[107.4829,30.8383],[107.4985,30.848],[107.5069,30.8494],[107.5097,30.8534],[107.5139,30.8551],[107.5233,30.8482],[107.5251,30.8412],[107.5275,30.8391],[107.5312,30.8397],[107.5318,30.8444],[107.5345,30.8444],[107.5363,30.8482],[107.5455,30.8462],[107.5473,30.848],[107.5527,30.848],[107.5555,30.8461],[107.5607,30.8499],[107.5663,30.8485],[107.5675,30.8458],[107.5694,30.8481],[107.574,30.8469],[107.577,30.8484],[107.5823,30.8401],[107.5844,30.8433],[107.5868,30.8425],[107.5873,30.8395],[107.5954,30.8377],[107.5914,30.8356],[107.5936,30.8341],[107.6046,30.8406],[107.6147,30.8392],[107.6166,30.8367],[107.617,30.8271],[107.6287,30.8186],[107.6354,30.818],[107.6475,30.8232],[107.6714,30.8532],[107.692,30.8748],[107.6967,30.8758],[107.7041,30.8722],[107.7153,30.8873],[107.7178,30.8883],[107.7397,30.8842],[107.7428,30.877],[107.7496,30.8735],[107.7501,30.8648],[107.7533,30.8664],[107.7607,30.8629],[107.7571,30.8593],[107.7571,30.8548],[107.7534,30.8522],[107.7523,30.846],[107.7574,30.8403],[107.7544,30.8369],[107.7584,30.836],[107.7562,30.8347],[107.7583,30.8317],[107.7554,30.829],[107.7614,30.8256],[107.7634,30.8225],[107.7639,30.817],[107.7685,30.8151],[107.7754,30.8148],[107.7829,30.8191],[107.789,30.8192],[107.8033,30.8127],[107.8147,30.8009],[107.8245,30.8021],[107.827,30.7992],[107.8281,30.8001],[107.8393,30.7947],[107.8498,30.7926],[107.8851,30.8203],[107.8915,30.8302],[107.8965,30.8349],[107.9321,30.8611],[107.9421,30.8651],[107.9553,30.8733],[107.956,30.883],[107.984,30.9006],[107.9932,30.9036],[107.9948,30.9085],[107.9919,30.9106],[107.9813,30.9133],[107.9687,30.9121],[107.9579,30.9199],[107.9483,30.919],[107.9444,30.9244],[107.9445,30.9299],[107.9426,30.9352],[107.9371,30.9357],[107.9389,30.9411],[107.9363,30.9528],[107.9374,30.9687],[107.9412,30.9761],[107.942,30.9878],[107.9441,30.9893],[107.9519,30.9865],[107.9648,30.9855],[107.9715,30.9824],[107.9831,30.9842],[107.9874,30.9896],[107.9901,30.9978],[107.9959,31.0043],[107.9971,31.0113],[108.0038,31.0254],[108.0125,31.0237],[108.0221,31.0294],[108.024,31.033],[108.0343,31.0362],[108.0384,31.0346],[108.0433,31.0354],[108.0468,31.0385],[108.0533,31.0408],[108.0537,31.0433],[108.0594,31.0495],[108.0598,31.0532],[108.048,31.0612],[108.029,31.0617],[108.025,31.0633],[108.024,31.0661],[108.0274,31.0694],[108.0247,31.0893],[108.0225,31.0927],[108.0182,31.0938],[108.0145,31.0971],[108.0127,31.1045],[108.0094,31.1096],[108.0142,31.1154],[108.0178,31.1131],[108.0271,31.1176],[108.0284,31.1247],[108.032,31.1285],[108.0359,31.1297],[108.0339,31.1356],[108.0348,31.1378],[108.0417,31.1443],[108.0456,31.1459],[108.0573,31.146],[108.0582,31.1479],[108.0551,31.1537],[108.0553,31.1566],[108.073,31.1713],[108.0682,31.1728],[108.0682,31.1746],[108.0787,31.1867],[108.0833,31.1855],[108.0852,31.1872],[108.0899,31.2019],[108.0895,31.2057],[108.0816,31.2184],[108.0711,31.2183],[108.0689,31.2205],[108.0691,31.2227],[108.0756,31.2245],[108.0782,31.2274],[108.0773,31.2314],[108.0401,31.2186],[108.0316,31.2171],[108.0282,31.2251],[108.0316,31.2368],[108.0282,31.2413],[108.0199,31.2425],[108.0193,31.2448],[108.0409,31.2536],[108.0592,31.2547],[108.0654,31.2612],[108.0684,31.2623],[108.0782,31.2611],[108.0924,31.2658],[108.0954,31.269],[108.0942,31.2747],[108.1003,31.2768],[108.1044,31.2821],[108.1119,31.2866],[108.1175,31.2872],[108.119,31.2905],[108.1443,31.3013],[108.1527,31.3095],[108.1614,31.3138],[108.1637,31.3206],[108.1768,31.3235],[108.1805,31.3258],[108.1859,31.3372],[108.1782,31.3444],[108.1806,31.3487],[108.1794,31.3517],[108.1745,31.3557],[108.1589,31.3603],[108.1577,31.3673],[108.1541,31.3712],[108.1606,31.3787],[108.1642,31.3792],[108.1673,31.3774],[108.172,31.3793],[108.1797,31.3918],[108.2012,31.3946],[108.2081,31.3991],[108.214,31.4096],[108.2163,31.4112],[108.2166,31.427],[108.2112,31.4344],[108.2105,31.4378],[108.2239,31.4492],[108.2256,31.453],[108.2244,31.4626],[108.2225,31.4657],[108.2114,31.4681],[108.2046,31.4635],[108.2,31.4672],[108.1936,31.4677],[108.1941,31.4765],[108.189,31.4825],[108.1905,31.4915],[108.2081,31.4927],[108.2184,31.4954],[108.2256,31.5013],[108.2249,31.5049],[108.2341,31.5068],[108.2477,31.501],[108.251,31.4981],[108.2548,31.4988],[108.2596,31.5025],[108.2776,31.5012],[108.2825,31.5075],[108.296,31.5035],[108.3128,31.5066],[108.3222,31.502],[108.3347,31.5092],[108.3386,31.5084],[108.3416,31.5099],[108.3453,31.5149],[108.3471,31.5234],[108.341,31.5289],[108.3395,31.539],[108.3457,31.5417],[108.3487,31.5459],[108.3538,31.5442],[108.3598,31.5452],[108.3794,31.5425],[108.3876,31.5451],[108.3912,31.5553],[108.3916,31.5614],[108.3779,31.5704],[108.3938,31.5765],[108.3884,31.5855],[108.3906,31.5915],[108.4026,31.6039],[108.4186,31.6102],[108.4218,31.6142],[108.4216,31.6188],[108.4279,31.625],[108.4326,31.6289]]],[[[108.5064,29.7082],[108.5139,29.7123],[108.5155,29.7177],[108.5126,29.7233],[108.5042,29.7294],[108.5045,29.7306],[108.5112,29.7328],[108.5154,29.7365],[108.521,29.7302],[108.5278,29.7357],[108.5375,29.7367],[108.5388,29.7398],[108.547,29.7426],[108.549,29.7457],[108.5485,29.7495],[108.5454,29.7533],[108.5401,29.7568],[108.526,29.7601],[108.5225,29.7638],[108.5344,29.7875],[108.554,29.816],[108.5575,29.819],[108.5644,29.8182],[108.5658,29.8209],[108.5799,29.8312],[108.5807,29.8357],[108.5773,29.8447],[108.5792,29.8468],[108.5874,29.8474],[108.588,29.8539],[108.5907,29.8571],[108.598,29.8605],[108.6012,29.8655],[108.6084,29.863],[108.6122,29.8649],[108.6203,29.8653],[108.6229,29.8673],[108.6268,29.8668],[108.6334,29.8642],[108.6328,29.8567],[108.6353,29.8547],[108.6426,29.8557],[108.6495,29.8523],[108.6575,29.8546],[108.6613,29.8538],[108.6625,29.8526],[108.6618,29.8503],[108.6577,29.8481],[108.662,29.8428],[108.6661,29.8427],[108.668,29.8408],[108.6686,29.8363],[108.6656,29.8311],[108.6674,29.8288],[108.6708,29.8279],[108.6703,29.8191],[108.6669,29.8173],[108.658,29.818],[108.657,29.8167],[108.6605,29.8133],[108.671,29.8118],[108.6783,29.8055],[108.6806,29.8013],[108.6784,29.7779],[108.6822,29.7695],[108.6773,29.7615],[108.677,29.7496],[108.6776,29.7485],[108.6814,29.7495],[108.6863,29.743],[108.6843,29.7294],[108.6806,29.723],[108.6864,29.7131],[108.6916,29.7095],[108.6931,29.7045],[108.6912,29.7002],[108.6848,29.6935],[108.6868,29.6904],[108.6912,29.6897],[108.7048,29.6971],[108.7103,29.6992],[108.7148,29.6988],[108.7184,29.6948],[108.7183,29.6921],[108.7103,29.6852],[108.709,29.6822],[108.7109,29.6792],[108.7336,29.6715],[108.7406,29.6657],[108.743,29.6559],[108.7527,29.649],[108.756,29.6491],[108.7568,29.6515],[108.7588,29.6514],[108.7604,29.6452],[108.763,29.6535],[108.7595,29.6599],[108.7618,29.6611],[108.7659,29.661],[108.7699,29.6587],[108.7746,29.6517],[108.782,29.6522],[108.7835,29.6556],[108.7828,29.657],[108.7772,29.6571],[108.7737,29.6593],[108.773,29.6615],[108.7769,29.6712],[108.7759,29.6754],[108.7718,29.6792],[108.7651,29.6822],[108.7582,29.6787],[108.7526,29.6894],[108.7606,29.6935],[108.7697,29.6943],[108.7767,29.6943],[108.7863,29.6915],[108.7888,29.689],[108.7889,29.6856],[108.785,29.6754],[108.7877,29.6724],[108.7942,29.6712],[108.7975,29.6601],[108.7937,29.654],[108.7923,29.6473],[108.7859,29.6507],[108.7801,29.6455],[108.7817,29.6358],[108.7856,29.6338],[108.7927,29.635],[108.8044,29.6406],[108.8067,29.6399],[108.8085,29.6343],[108.8109,29.6323],[108.8198,29.6324],[108.8171,29.6395],[108.8177,29.6478],[108.822,29.6526],[108.8253,29.6598],[108.8281,29.6713],[108.834,29.6699],[108.8351,29.667],[108.8284,29.6596],[108.8273,29.6544],[108.8298,29.6515],[108.8366,29.6528],[108.8462,29.6585],[108.8494,29.6551],[108.8501,29.6475],[108.8522,29.6456],[108.8558,29.6364],[108.8632,29.6377],[108.8647,29.6406],[108.8697,29.643],[108.8764,29.6412],[108.8796,29.6392],[108.8805,29.6358],[108.8866,29.6331],[108.8879,29.6286],[108.8859,29.6211],[108.8736,29.6036],[108.8688,29.6009],[108.8683,29.598],[108.8859,29.5885],[108.8892,29.5947],[108.894,29.5936],[108.897,29.5954],[108.9013,29.6048],[108.909,29.5943],[108.8998,29.5842],[108.9061,29.5774],[108.9114,29.5764],[108.9131,29.5732],[108.9052,29.5676],[108.9021,29.563],[108.8869,29.5531],[108.8785,29.5393],[108.8792,29.5362],[108.8877,29.5293],[108.8866,29.5185],[108.8885,29.5024],[108.8859,29.4981],[108.8782,29.492],[108.8797,29.491],[108.8786,29.4893],[108.8709,29.488],[108.8666,29.4711],[108.8737,29.4627],[108.8734,29.4609],[108.8712,29.46],[108.8731,29.4508],[108.8777,29.4482],[108.8807,29.4428],[108.8865,29.4406],[108.8988,29.4419],[108.9096,29.4368],[108.9213,29.4369],[108.9274,29.4354],[108.932,29.4317],[108.9386,29.4196],[108.9389,29.4152],[108.9437,29.4107],[108.9339,29.3991],[108.935,29.393],[108.9331,29.3915],[108.9347,29.3897],[108.9345,29.3862],[108.9299,29.379],[108.931,29.3696],[108.9261,29.363],[108.9284,29.352],[108.927,29.35],[108.9242,29.3501],[108.9224,29.3431],[108.9166,29.3346],[108.9197,29.3263],[108.909,29.3135],[108.9077,29.3038],[108.9034,29.2964],[108.9052,29.2949],[108.9154,29.2936],[108.9178,29.291],[108.9198,29.2837],[108.9324,29.2768],[108.939,29.2741],[108.9539,29.2724],[108.9546,29.2674],[108.9486,29.2658],[108.9475,29.2605],[108.938,29.2448],[108.9329,29.241],[108.9297,29.2348],[108.9255,29.2331],[108.9237,29.2275],[108.9251,29.2226],[108.9153,29.2155],[108.8959,29.2084],[108.8824,29.1791],[108.8659,29.1538],[108.8589,29.1372],[108.8543,29.1329],[108.8553,29.1294],[108.8531,29.1239],[108.8557,29.1226],[108.8498,29.106],[108.8459,29.1051],[108.8371,29.1072],[108.836,29.108],[108.8378,29.1099],[108.8367,29.1114],[108.8332,29.11],[108.8325,29.111],[108.8332,29.1174],[108.8203,29.1216],[108.8135,29.1212],[108.807,29.1283],[108.7987,29.1291],[108.7947,29.1278],[108.7935,29.1256],[108.7849,29.1233],[108.7785,29.1252],[108.7758,29.124],[108.7755,29.1141],[108.7733,29.1096],[108.7498,29.1095],[108.7501,29.0975],[108.7484,29.0963],[108.7448,29.0977],[108.7419,29.0958],[108.7476,29.0924],[108.7462,29.0875],[108.7436,29.0862],[108.734,29.0863],[108.7269,29.0805],[108.7206,29.0824],[108.702,29.0926],[108.6982,29.1027],[108.6929,29.1076],[108.6864,29.1093],[108.682,29.1056],[108.6785,29.1052],[108.6676,29.1082],[108.6645,29.107],[108.6642,29.1038],[108.6705,29.0939],[108.6628,29.0904],[108.6672,29.0788],[108.667,29.075],[108.665,29.0726],[108.6613,29.0716],[108.6576,29.0762],[108.6465,29.0819],[108.638,29.0786],[108.6298,29.0732],[108.6253,29.0729],[108.6222,29.074],[108.6257,29.0879],[108.624,29.0894],[108.6207,29.0874],[108.6146,29.0954],[108.6163,29.1093],[108.6079,29.109],[108.6037,29.1062],[108.6032,29.104],[108.607,29.1021],[108.6065,29.0984],[108.5994,29.0869],[108.5872,29.0951],[108.5903,29.101],[108.5983,29.1057],[108.5941,29.1133],[108.5893,29.1121],[108.5833,29.1181],[108.5806,29.118],[108.5788,29.1213],[108.5798,29.1256],[108.5708,29.1244],[108.5676,29.1323],[108.5587,29.1395],[108.5624,29.1409],[108.563,29.1469],[108.5697,29.1507],[108.575,29.1626],[108.5556,29.187],[108.5489,29.2084],[108.5532,29.2172],[108.5652,29.2218],[108.5702,29.2266],[108.5683,29.2362],[108.5761,29.2509],[108.5707,29.2627],[108.5794,29.2758],[108.584,29.2791],[108.585,29.2832],[108.5736,29.3024],[108.569,29.305],[108.5604,29.3061],[108.5572,29.3102],[108.5495,29.3154],[108.5481,29.3188],[108.5497,29.3283],[108.5579,29.341],[108.5616,29.3535],[108.5554,29.3655],[108.5503,29.3708],[108.5515,29.3784],[108.5472,29.3817],[108.5482,29.3856],[108.5528,29.3897],[108.5548,29.4121],[108.5745,29.4162],[108.5777,29.4183],[108.5926,29.443],[108.593,29.4461],[108.5814,29.4637],[108.5825,29.4715],[108.5859,29.4763],[108.5794,29.4829],[108.5617,29.4917],[108.5556,29.4907],[108.5397,29.4917],[108.5221,29.4966],[108.5078,29.5035],[108.5013,29.4999],[108.4975,29.5044],[108.4983,29.5098],[108.4957,29.512],[108.4943,29.5192],[108.5024,29.5266],[108.5077,29.5392],[108.5125,29.5428],[108.5185,29.5445],[108.5326,29.5399],[108.5372,29.5404],[108.5382,29.5447],[108.5477,29.5474],[108.5486,29.5568],[108.5421,29.567],[108.5345,29.5722],[108.535,29.5889],[108.5299,29.5912],[108.5173,29.6011],[108.5138,29.6137],[108.5116,29.6144],[108.507,29.6111],[108.5041,29.6133],[108.5053,29.618],[108.5019,29.6212],[108.4931,29.6234],[108.4885,29.6227],[108.4872,29.6241],[108.49,29.6425],[108.4959,29.6505],[108.4953,29.6533],[108.4981,29.6564],[108.4986,29.6604],[108.5019,29.661],[108.5038,29.6641],[108.504,29.6677],[108.5018,29.6717],[108.5028,29.6757],[108.516,29.6784],[108.5225,29.6819],[108.5255,29.687],[108.5259,29.6986],[108.512,29.7036],[108.5064,29.7082]]],[[[105.4208,29.3221],[105.424,29.3313],[105.4176,29.3452],[105.4186,29.3523],[105.4386,29.3671],[105.4386,29.3708],[105.4335,29.3756],[105.4322,29.3797],[105.438,29.3846],[105.4406,29.3841],[105.4437,29.3864],[105.4412,29.3932],[105.4431,29.3991],[105.4322,29.4071],[105.4273,29.4189],[105.417,29.4234],[105.4144,29.4226],[105.4119,29.4175],[105.408,29.4206],[105.3963,29.4229],[105.373,29.4209],[105.3718,29.4239],[105.3758,29.4268],[105.3888,29.4319],[105.388,29.4401],[105.3959,29.4375],[105.3991,29.4387],[105.3973,29.4415],[105.3979,29.4433],[105.3935,29.4451],[105.3967,29.4463],[105.3945,29.4466],[105.3952,29.4483],[105.3927,29.4486],[105.3901,29.4513],[105.3903,29.4565],[105.384,29.4552],[105.3833,29.4537],[105.382,29.4567],[105.3806,29.4556],[105.3784,29.4586],[105.3653,29.458],[105.362,29.4547],[105.3614,29.4453],[105.3569,29.4434],[105.3487,29.4496],[105.3456,29.4485],[105.3434,29.4438],[105.3369,29.4414],[105.3341,29.4414],[105.3266,29.4462],[105.3246,29.45],[105.3361,29.4555],[105.3379,29.4588],[105.3376,29.4641],[105.3313,29.4718],[105.3213,29.476],[105.32,29.4846],[105.3232,29.4951],[105.3189,29.5124],[105.3081,29.5263],[105.3057,29.5264],[105.303,29.5291],[105.3048,29.5319],[105.2943,29.534],[105.2898,29.5531],[105.2928,29.5532],[105.293,29.5553],[105.295,29.5558],[105.2934,29.5608],[105.2968,29.567],[105.297,29.5715],[105.3094,29.5778],[105.3153,29.5766],[105.3177,29.5782],[105.3166,29.5848],[105.3113,29.5933],[105.3123,29.5965],[105.3202,29.6009],[105.321,29.6097],[105.3239,29.6093],[105.3301,29.6034],[105.3245,29.5966],[105.3323,29.5969],[105.333,29.5924],[105.3356,29.5916],[105.3364,29.5976],[105.3417,29.6036],[105.3372,29.608],[105.3433,29.6087],[105.3468,29.6202],[105.3544,29.6267],[105.361,29.6291],[105.3643,29.6285],[105.3676,29.6228],[105.3711,29.6207],[105.3791,29.6234],[105.3808,29.6283],[105.3779,29.6339],[105.3768,29.6423],[105.3933,29.6512],[105.3896,29.6616],[105.3855,29.6643],[105.3854,29.6675],[105.3833,29.6689],[105.3881,29.6706],[105.3874,29.6742],[105.3894,29.6765],[105.4005,29.6716],[105.4062,29.6752],[105.4146,29.6843],[105.4213,29.6884],[105.425,29.6869],[105.4282,29.6822],[105.438,29.6766],[105.4438,29.6767],[105.4493,29.6746],[105.4558,29.6765],[105.465,29.674],[105.4704,29.6759],[105.4768,29.6748],[105.4828,29.6791],[105.4803,29.6859],[105.4813,29.6927],[105.4742,29.6971],[105.4725,29.7053],[105.4797,29.7163],[105.4903,29.7203],[105.493,29.7193],[105.499,29.7095],[105.5201,29.7036],[105.5227,29.6977],[105.5279,29.6924],[105.5389,29.6949],[105.5384,29.6978],[105.5329,29.702],[105.5294,29.7073],[105.5391,29.7128],[105.5418,29.7169],[105.5503,29.722],[105.5482,29.7245],[105.5428,29.7265],[105.5434,29.733],[105.55,29.7375],[105.5579,29.7267],[105.5657,29.724],[105.5675,29.7281],[105.5641,29.7367],[105.5662,29.7396],[105.5644,29.7411],[105.5753,29.7448],[105.5762,29.7574],[105.5718,29.761],[105.5709,29.7657],[105.5875,29.7849],[105.5863,29.7873],[105.5803,29.7908],[105.5853,29.816],[105.5833,29.8193],[105.5874,29.8203],[105.5898,29.8235],[105.5967,29.8187],[105.6049,29.8172],[105.6098,29.8231],[105.6059,29.8281],[105.6075,29.8294],[105.6114,29.829],[105.6096,29.8336],[105.6102,29.8362],[105.6131,29.8379],[105.6186,29.8466],[105.6214,29.8448],[105.6214,29.8423],[105.6255,29.8402],[105.6415,29.8369],[105.6443,29.8402],[105.6528,29.8421],[105.6562,29.8444],[105.6614,29.8407],[105.6653,29.8441],[105.669,29.8441],[105.6706,29.8472],[105.67,29.8501],[105.6778,29.8543],[105.6845,29.8518],[105.6904,29.8523],[105.6923,29.8458],[105.6954,29.8435],[105.6988,29.8427],[105.704,29.8444],[105.7049,29.8424],[105.7089,29.8406],[105.7114,29.8414],[105.7115,29.8437],[105.7164,29.8475],[105.7202,29.849],[105.7195,29.8567],[105.7227,29.8589],[105.7373,29.8621],[105.7331,29.8673],[105.7352,29.8717],[105.7334,29.8814],[105.7354,29.8837],[105.7324,29.8874],[105.7363,29.8878],[105.739,29.8912],[105.734,29.8936],[105.7203,29.893],[105.7159,29.8949],[105.7108,29.9006],[105.7116,29.9033],[105.7158,29.9056],[105.715,29.9112],[105.7127,29.912],[105.7132,29.914],[105.7025,29.924],[105.7073,29.9288],[105.7096,29.9279],[105.7146,29.9302],[105.7141,29.9345],[105.7191,29.9367],[105.7193,29.9394],[105.7171,29.9403],[105.7175,29.9434],[105.7208,29.9474],[105.7203,29.9501],[105.7248,29.9511],[105.731,29.9566],[105.7292,29.9664],[105.7234,29.9754],[105.7239,29.984],[105.728,29.9865],[105.7293,29.9938],[105.732,29.9933],[105.7324,29.9954],[105.731,29.9958],[105.7325,29.9988],[105.7364,29.9988],[105.738,30.0013],[105.7402,30.0006],[105.7419,30.0033],[105.7474,30.0027],[105.7489,30.0065],[105.7452,30.0109],[105.7507,30.0112],[105.7515,30.0163],[105.7538,30.0184],[105.7506,30.0204],[105.7519,30.0219],[105.7434,30.0271],[105.7465,30.0294],[105.7476,30.0329],[105.7463,30.0342],[105.742,30.0336],[105.7332,30.0271],[105.7291,30.0269],[105.7272,30.0285],[105.7246,30.0379],[105.7213,30.0421],[105.7188,30.0422],[105.712,30.0368],[105.7067,30.0356],[105.702,30.0388],[105.7004,30.0432],[105.6958,30.0399],[105.6908,30.0412],[105.687,30.039],[105.6835,30.0529],[105.6767,30.056],[105.6772,30.0648],[105.6746,30.0713],[105.6698,30.0712],[105.6635,30.067],[105.6592,30.0664],[105.6545,30.0685],[105.6517,30.0742],[105.6433,30.0731],[105.6397,30.0748],[105.6375,30.0937],[105.6421,30.0981],[105.6422,30.1009],[105.6297,30.1027],[105.6272,30.1059],[105.6204,30.104],[105.6143,30.1079],[105.6068,30.1097],[105.5981,30.1092],[105.5911,30.1146],[105.5866,30.1214],[105.5831,30.1239],[105.5834,30.1278],[105.5811,30.1305],[105.5742,30.1304],[105.5738,30.1323],[105.57,30.1343],[105.5728,30.1375],[105.5806,30.1379],[105.5831,30.1417],[105.5932,30.1447],[105.5965,30.1588],[105.5933,30.159],[105.5907,30.1614],[105.5864,30.161],[105.5838,30.163],[105.5777,30.1596],[105.5758,30.1615],[105.5708,30.1615],[105.5629,30.154],[105.5582,30.152],[105.5575,30.1474],[105.5552,30.1446],[105.5461,30.1477],[105.5496,30.1517],[105.548,30.1562],[105.5463,30.1517],[105.5432,30.1529],[105.5406,30.1511],[105.5361,30.1529],[105.536,30.1563],[105.5377,30.1582],[105.5364,30.1648],[105.5439,30.1732],[105.5469,30.1807],[105.5518,30.1792],[105.5617,30.1838],[105.567,30.1832],[105.5713,30.1798],[105.5727,30.1755],[105.5799,30.1735],[105.5851,30.1758],[105.5899,30.1826],[105.5951,30.1837],[105.6079,30.1783],[105.6125,30.1801],[105.62,30.1863],[105.6329,30.1838],[105.6424,30.1864],[105.6445,30.1897],[105.6439,30.2024],[105.6455,30.2069],[105.6508,30.209],[105.658,30.207],[105.6611,30.2082],[105.6624,30.2101],[105.6609,30.2136],[105.6542,30.2216],[105.6478,30.2191],[105.6363,30.2197],[105.6292,30.2258],[105.6264,30.2311],[105.6187,30.2355],[105.6189,30.2394],[105.6213,30.2417],[105.6194,30.2436],[105.6196,30.2508],[105.6185,30.2522],[105.6126,30.2527],[105.6104,30.2548],[105.6202,30.2618],[105.6212,30.2704],[105.625,30.2758],[105.6293,30.2757],[105.6328,30.2725],[105.6457,30.2734],[105.6522,30.2678],[105.6563,30.2684],[105.6607,30.2643],[105.6672,30.2657],[105.6702,30.2551],[105.6734,30.2528],[105.6838,30.253],[105.6936,30.2569],[105.7011,30.2579],[105.7103,30.2556],[105.7127,30.2569],[105.7157,30.2553],[105.7148,30.2526],[105.7204,30.253],[105.7207,30.2518],[105.7239,30.2548],[105.7209,30.2621],[105.7234,30.265],[105.7299,30.2604],[105.7344,30.2597],[105.7351,30.2615],[105.7301,30.2658],[105.7352,30.2726],[105.735,30.277],[105.7282,30.2779],[105.7223,30.2756],[105.7188,30.2784],[105.7184,30.2822],[105.7151,30.2803],[105.7118,30.2822],[105.7119,30.284],[105.7144,30.2855],[105.711,30.2942],[105.7143,30.2976],[105.7091,30.2999],[105.7079,30.3025],[105.7102,30.3041],[105.7177,30.3037],[105.7184,30.3084],[105.7119,30.3144],[105.7148,30.3228],[105.7179,30.324],[105.7239,30.3224],[105.7269,30.3198],[105.727,30.3178],[105.7299,30.3169],[105.7336,30.3211],[105.7415,30.3191],[105.7412,30.3221],[105.7375,30.326],[105.7334,30.3347],[105.735,30.3367],[105.7498,30.3397],[105.7553,30.3437],[105.7562,30.3471],[105.7531,30.3527],[105.7523,30.3597],[105.77,30.3762],[105.7684,30.3802],[105.7598,30.3856],[105.7657,30.3891],[105.7627,30.3896],[105.7666,30.3958],[105.7653,30.3979],[105.7705,30.404],[105.7828,30.4031],[105.7885,30.4068],[105.7954,30.4185],[105.7947,30.422],[105.7917,30.4255],[105.7933,30.4282],[105.7966,30.4298],[105.8022,30.4279],[105.8122,30.4344],[105.8202,30.4375],[105.8277,30.4338],[105.8331,30.4251],[105.8324,30.4226],[105.834,30.4188],[105.8369,30.4158],[105.8466,30.4107],[105.8419,30.4071],[105.8391,30.3997],[105.842,30.3946],[105.8462,30.3924],[105.8525,30.3937],[105.8522,30.3998],[105.8624,30.4063],[105.8632,30.4108],[105.8669,30.4072],[105.8741,30.4082],[105.8687,30.4023],[105.8749,30.401],[105.8713,30.397],[105.8717,30.393],[105.8749,30.3878],[105.8795,30.3868],[105.883,30.3909],[105.8868,30.3926],[105.8854,30.396],[105.8765,30.3982],[105.8779,30.4016],[105.8823,30.4024],[105.8844,30.3986],[105.8871,30.3979],[105.8898,30.4062],[105.8932,30.4047],[105.8995,30.4056],[105.903,30.4004],[105.9053,30.4064],[105.9074,30.4016],[105.906,30.397],[105.8986,30.3953],[105.8983,30.3917],[105.9015,30.3863],[105.9067,30.3906],[105.9108,30.3914],[105.9181,30.396],[105.924,30.3912],[105.9256,30.3853],[105.9417,30.3791],[105.9393,30.3769],[105.9418,30.372],[105.9565,30.375],[105.9679,30.3792],[105.9709,30.3779],[105.9706,30.373],[105.9772,30.3732],[105.9836,30.3754],[105.9939,30.3689],[105.9986,30.371],[106.0022,30.3769],[106.0179,30.3715],[106.0222,30.3717],[106.0274,30.3746],[106.0309,30.3743],[106.0345,30.3605],[106.0419,30.3575],[106.0437,30.3501],[106.0486,30.3524],[106.0506,30.3514],[106.0609,30.3422],[106.0604,30.3388],[106.0632,30.3385],[106.0638,30.3412],[106.0673,30.3408],[106.0696,30.3425],[106.0708,30.3412],[106.0679,30.3379],[106.0727,30.3339],[106.0758,30.3358],[106.0793,30.3443],[106.0892,30.3455],[106.0913,30.3342],[106.089,30.3254],[106.0867,30.3248],[106.0923,30.3224],[106.0941,30.3243],[106.0968,30.3227],[106.098,30.3235],[106.0989,30.3209],[106.1033,30.3209],[106.1027,30.3178],[106.1004,30.3191],[106.0987,30.3182],[106.1027,30.314],[106.1041,30.315],[106.1065,30.3104],[106.1085,30.3113],[106.1089,30.3141],[106.1139,30.3136],[106.1116,30.3162],[106.1153,30.3172],[106.1169,30.3151],[106.1236,30.3129],[106.1223,30.3068],[106.1279,30.306],[106.126,30.3023],[106.1318,30.3018],[106.1344,30.3086],[106.1287,30.3156],[106.1248,30.3179],[106.1256,30.3219],[106.1239,30.3245],[106.1251,30.3249],[106.1327,30.3237],[106.1351,30.3154],[106.1325,30.3131],[106.1336,30.3124],[106.136,30.3123],[106.1371,30.3157],[106.1439,30.3123],[106.1472,30.3146],[106.1498,30.313],[106.1502,30.3092],[106.1565,30.3137],[106.162,30.3107],[106.159,30.3087],[106.163,30.3078],[106.1617,30.3037],[106.165,30.3062],[106.1691,30.3041],[106.1711,30.3064],[106.1673,30.297],[106.1685,30.2947],[106.1753,30.2968],[106.1735,30.2947],[106.1743,30.2876],[106.1596,30.2858],[106.1523,30.2897],[106.1508,30.2927],[106.1469,30.293],[106.1457,30.289],[106.1466,30.2862],[106.1441,30.2868],[106.1417,30.2845],[106.1408,30.2865],[106.1382,30.287],[106.1402,30.2819],[106.1367,30.2808],[106.1368,30.2793],[106.1409,30.2796],[106.1424,30.2779],[106.1425,30.2799],[106.1462,30.2818],[106.1473,30.2792],[106.1554,30.2802],[106.1585,30.2736],[106.1619,30.2734],[106.1618,30.2761],[106.1646,30.2793],[106.1624,30.2836],[106.1711,30.2854],[106.1774,30.2841],[106.1744,30.2804],[106.1804,30.2778],[106.1771,30.2762],[106.1749,30.2726],[106.1769,30.2705],[106.1799,30.2727],[106.1813,30.2719],[106.1808,30.2655],[106.1789,30.2631],[106.1798,30.2596],[106.1785,30.2569],[106.1725,30.2538],[106.1706,30.2506],[106.1734,30.2486],[106.1791,30.2481],[106.1791,30.2406],[106.183,30.2396],[106.1804,30.2328],[106.1942,30.2311],[106.201,30.233],[106.2007,30.2273],[106.1923,30.2163],[106.1971,30.2128],[106.2018,30.2131],[106.2034,30.2111],[106.2039,30.2072],[106.198,30.2017],[106.1983,30.2],[106.2014,30.1977],[106.2048,30.2011],[106.202,30.2024],[106.2045,30.2057],[106.2092,30.2034],[106.2164,30.2038],[106.2291,30.2127],[106.2322,30.2125],[106.2403,30.2002],[106.2383,30.1936],[106.2324,30.1904],[106.2321,30.1873],[106.2338,30.1854],[106.2403,30.1853],[106.243,30.1765],[106.2467,30.1792],[106.2454,30.1855],[106.2496,30.1888],[106.2456,30.1948],[106.2477,30.1975],[106.2539,30.1986],[106.2567,30.1963],[106.2627,30.1961],[106.2645,30.1932],[106.2631,30.1905],[106.2636,30.1865],[106.268,30.1845],[106.271,30.1854],[106.271,30.1875],[106.2664,30.1923],[106.2702,30.1953],[106.2696,30.1997],[106.2715,30.2013],[106.2717,30.204],[106.2676,30.2089],[106.2643,30.2097],[106.2624,30.2141],[106.2659,30.2148],[106.2699,30.2105],[106.2761,30.2113],[106.2789,30.2092],[106.28,30.206],[106.2788,30.1952],[106.284,30.1957],[106.2843,30.202],[106.2905,30.2033],[106.2925,30.2017],[106.2967,30.2051],[106.2912,30.2165],[106.2915,30.2188],[106.3063,30.2264],[106.3004,30.2328],[106.3006,30.2385],[106.3098,30.2373],[106.3157,30.2334],[106.3187,30.2291],[106.3248,30.2299],[106.3338,30.2259],[106.3371,30.232],[106.3368,30.2379],[106.3445,30.2375],[106.3488,30.2451],[106.3596,30.2412],[106.3655,30.2413],[106.3647,30.2448],[106.3714,30.2481],[106.3799,30.2459],[106.3843,30.2479],[106.3858,30.2435],[106.3882,30.243],[106.3902,30.2441],[106.3828,30.252],[106.3831,30.2547],[106.388,30.2556],[106.3974,30.2497],[106.4013,30.2427],[106.4037,30.2422],[106.4122,30.244],[106.4161,30.2531],[106.4279,30.2538],[106.4295,30.2605],[106.4284,30.2627],[106.4221,30.2625],[106.4201,30.2644],[106.4203,30.2702],[106.4143,30.2689],[106.4079,30.276],[106.4132,30.275],[106.4191,30.2789],[106.4203,30.2774],[106.4361,30.2779],[106.434,30.2842],[106.4286,30.2916],[106.4337,30.2957],[106.4419,30.2895],[106.4443,30.2903],[106.4448,30.2957],[106.4365,30.3035],[106.4411,30.3089],[106.4518,30.3081],[106.4515,30.3071],[106.4569,30.306],[106.4497,30.304],[106.4482,30.2996],[106.4513,30.2973],[106.4548,30.2978],[106.4578,30.3022],[106.4659,30.2994],[106.4713,30.2994],[106.4762,30.307],[106.485,30.296],[106.4933,30.2979],[106.4987,30.2955],[106.4999,30.2889],[106.5042,30.2907],[106.5097,30.2893],[106.5112,30.2898],[106.5109,30.2921],[106.5145,30.2943],[106.5188,30.2958],[106.5228,30.2944],[106.5214,30.3004],[106.5256,30.3024],[106.5274,30.2988],[106.537,30.3002],[106.5448,30.2967],[106.5455,30.3072],[106.5471,30.3103],[106.5574,30.3159],[106.5751,30.3046],[106.5864,30.303],[106.5902,30.2983],[106.5905,30.2943],[106.5933,30.2924],[106.6025,30.2913],[106.604,30.2927],[106.6112,30.2927],[106.614,30.2904],[106.6131,30.2895],[106.6145,30.2876],[106.6168,30.2879],[106.6205,30.2823],[106.6231,30.2816],[106.6232,30.2727],[106.6287,30.2733],[106.6276,30.2659],[106.6327,30.2668],[106.6348,30.2657],[106.638,30.2566],[106.6433,30.2486],[106.6422,30.2466],[106.6319,30.246],[106.6293,30.242],[106.623,30.2395],[106.6217,30.2365],[106.61,30.2354],[106.6071,30.2316],[106.6084,30.2294],[106.6112,30.2301],[106.6115,30.228],[106.6191,30.2296],[106.6192,30.225],[106.6218,30.2251],[106.6226,30.2277],[106.6241,30.2275],[106.624,30.2248],[106.626,30.2228],[106.6238,30.2194],[106.627,30.2176],[106.63,30.2188],[106.6323,30.2175],[106.6327,30.2162],[106.624,30.211],[106.6237,30.2084],[106.626,30.2067],[106.6229,30.2051],[106.627,30.1978],[106.6293,30.1975],[106.6306,30.2006],[106.6336,30.1997],[106.6349,30.195],[106.6305,30.1922],[106.6299,30.1878],[106.6318,30.1866],[106.6415,30.1917],[106.6466,30.1915],[106.647,30.1895],[106.639,30.1791],[106.6425,30.177],[106.6507,30.1766],[106.6531,30.1746],[106.654,30.1691],[106.6492,30.1678],[106.6485,30.165],[106.6518,30.1643],[106.6557,30.1678],[106.6622,30.1702],[106.6642,30.1686],[106.6631,30.1629],[106.6658,30.159],[106.6682,30.1588],[106.6725,30.1616],[106.6772,30.1594],[106.6776,30.1574],[106.6728,30.1524],[106.675,30.1472],[106.6728,30.1225],[106.6889,30.124],[106.6881,30.1198],[106.6897,30.1178],[106.7039,30.1179],[106.7004,30.1118],[106.7007,30.1048],[106.6988,30.0987],[106.7005,30.0877],[106.6988,30.0765],[106.7031,30.0715],[106.7133,30.0666],[106.7258,30.057],[106.7265,30.051],[106.7242,30.0439],[106.7264,30.0333],[106.7299,30.0312],[106.7324,30.0268],[106.7369,30.0278],[106.7567,30.019],[106.7594,30.0189],[106.7642,30.0246],[106.7674,30.0256],[106.7689,30.0237],[106.7686,30.0173],[106.7707,30.016],[106.7793,30.02],[106.7856,30.0172],[106.7926,30.0219],[106.7984,30.0235],[106.8008,30.0311],[106.8049,30.0312],[106.8068,30.0292],[106.8095,30.0302],[106.811,30.0285],[106.814,30.0323],[106.8184,30.0299],[106.8263,30.0311],[106.8307,30.0349],[106.8294,30.0377],[106.8359,30.0413],[106.837,30.0498],[106.8381,30.05],[106.842,30.0492],[106.845,30.0443],[106.8493,30.0427],[106.8532,30.0378],[106.8616,30.0346],[106.8603,30.0302],[106.8615,30.0282],[106.886,30.0344],[106.8893,30.0306],[106.8945,30.0319],[106.9008,30.031],[106.9092,30.025],[106.913,30.0248],[106.9149,30.0339],[106.9167,30.035],[106.9314,30.0381],[106.9405,30.0426],[106.9427,30.0423],[106.9435,30.0378],[106.9469,30.0383],[106.9524,30.0514],[106.9569,30.054],[106.9565,30.0612],[106.9501,30.0639],[106.956,30.0667],[106.9685,30.0813],[106.9819,30.0852],[106.9853,30.0841],[106.9883,30.0801],[107.0012,30.0553],[107.0053,30.0525],[107.0154,30.0506],[107.0206,30.0368],[107.0273,30.0342],[107.0427,30.035],[107.0432,30.0374],[107.0391,30.0421],[107.0378,30.0473],[107.044,30.0555],[107.0506,30.0534],[107.0545,30.0394],[107.0584,30.043],[107.0742,30.05],[107.0761,30.0552],[107.0845,30.0639],[107.0842,30.0661],[107.0751,30.0742],[107.0774,30.0787],[107.0733,30.0823],[107.0801,30.0942],[107.0957,30.0951],[107.0985,30.0904],[107.1031,30.0901],[107.103,30.0961],[107.111,30.1042],[107.1066,30.1139],[107.1082,30.1164],[107.1132,30.118],[107.118,30.1155],[107.1313,30.1215],[107.1346,30.1261],[107.1365,30.1344],[107.143,30.139],[107.1512,30.1479],[107.1722,30.1638],[107.1854,30.1793],[107.1953,30.1875],[107.1975,30.1923],[107.2054,30.1978],[107.2211,30.2137],[107.2283,30.2238],[107.2314,30.2199],[107.2382,30.2184],[107.2544,30.2077],[107.2597,30.2018],[107.2596,30.1964],[107.2614,30.1944],[107.2646,30.1951],[107.2695,30.188],[107.277,30.1811],[107.2884,30.1752],[107.2885,30.1713],[107.2764,30.1533],[107.2695,30.146],[107.2691,30.1436],[107.2717,30.1366],[107.2875,30.1383],[107.2899,30.1379],[107.2929,30.1333],[107.2956,30.1225],[107.2868,30.1079],[107.2909,30.0979],[107.2858,30.0911],[107.2717,30.0944],[107.2687,30.0897],[107.2703,30.0841],[107.2691,30.0811],[107.262,30.0809],[107.2599,30.0787],[107.26,30.0761],[107.2532,30.077],[107.2475,30.0753],[107.2542,30.0677],[107.2646,30.0632],[107.2656,30.0554],[107.2792,30.0487],[107.2795,30.0463],[107.2764,30.0436],[107.2825,30.0424],[107.2861,30.0443],[107.2929,30.0449],[107.3067,30.0371],[107.3118,30.0208],[107.3045,30.0167],[107.3111,30.0068],[107.3098,30.0055],[107.2971,30.0043],[107.294,30.0016],[107.2942,29.9979],[107.308,29.9916],[107.3111,29.9847],[107.3142,29.984],[107.3255,29.973],[107.3356,29.974],[107.348,29.9805],[107.3545,29.9811],[107.3628,29.9798],[107.3694,29.9773],[107.3737,29.9735],[107.3759,29.9739],[107.3983,29.9976],[107.4182,30.0155],[107.4245,30.0243],[107.4275,30.0241],[107.4345,30.0334],[107.4364,30.0338],[107.4469,30.0277],[107.4504,30.0231],[107.46,30.0162],[107.4515,30.0083],[107.4539,30.0006],[107.458,29.9983],[107.4635,29.9995],[107.467,29.9986],[107.4685,29.9942],[107.4719,29.9922],[107.4714,29.9888],[107.4879,29.9714],[107.4875,29.9679],[107.4958,29.9723],[107.4989,29.972],[107.5015,29.9674],[107.4996,29.9628],[107.5042,29.9569],[107.5158,29.96],[107.5175,29.9706],[107.5238,29.9787],[107.5336,29.9685],[107.5364,29.97],[107.5387,29.9674],[107.5469,29.9657],[107.5488,29.9621],[107.5462,29.9595],[107.5521,29.9554],[107.5523,29.9517],[107.5575,29.9477],[107.5619,29.9461],[107.5719,29.9511],[107.5766,29.9502],[107.5795,29.9439],[107.5788,29.9403],[107.5738,29.9359],[107.5732,29.9333],[107.5785,29.9246],[107.5896,29.9198],[107.591,29.9167],[107.5947,29.9177],[107.597,29.9154],[107.6008,29.9087],[107.6005,29.9028],[107.603,29.8974],[107.5987,29.8886],[107.6061,29.8837],[107.6113,29.8775],[107.6268,29.875],[107.6163,29.8649],[107.6141,29.8565],[107.6047,29.8531],[107.6026,29.8431],[107.5939,29.8371],[107.5959,29.835],[107.6047,29.8334],[107.6053,29.8178],[107.6035,29.8147],[107.6046,29.8092],[107.6124,29.803],[107.617,29.8018],[107.6227,29.8026],[107.6352,29.8129],[107.6386,29.8133],[107.6397,29.81],[107.6394,29.7967],[107.6376,29.7898],[107.6385,29.773],[107.6414,29.7653],[107.6437,29.7639],[107.6415,29.763],[107.6381,29.7653],[107.635,29.7597],[107.629,29.7548],[107.6251,29.7539],[107.6308,29.7504],[107.6336,29.745],[107.6403,29.7407],[107.6386,29.7292],[107.6328,29.719],[107.6332,29.7114],[107.6312,29.707],[107.6308,29.699],[107.6329,29.6959],[107.641,29.6914],[107.6416,29.6889],[107.6565,29.6862],[107.6687,29.6768],[107.6701,29.6751],[107.6701,29.6679],[107.6734,29.6635],[107.6847,29.6665],[107.6966,29.6603],[107.7194,29.656],[107.7137,29.6426],[107.7011,29.6218],[107.6982,29.6194],[107.7041,29.6129],[107.7082,29.6111],[107.7091,29.6055],[107.7164,29.5967],[107.733,29.5855],[107.7457,29.5947],[107.7502,29.5998],[107.7574,29.6026],[107.7615,29.5981],[107.7683,29.5971],[107.7726,29.5859],[107.7764,29.5858],[107.7812,29.5825],[107.7773,29.5784],[107.7725,29.5803],[107.7735,29.5828],[107.7718,29.5831],[107.7685,29.5793],[107.7691,29.5781],[107.7958,29.5678],[107.7918,29.5607],[107.8029,29.5637],[107.8073,29.5546],[107.8141,29.5515],[107.8189,29.5547],[107.8237,29.5466],[107.8274,29.5452],[107.8295,29.5477],[107.828,29.5552],[107.8361,29.5592],[107.838,29.5639],[107.8383,29.5745],[107.8326,29.5791],[107.8334,29.5844],[107.8317,29.5924],[107.8334,29.5974],[107.8394,29.6056],[107.839,29.6108],[107.8452,29.6287],[107.8462,29.6359],[107.8459,29.6396],[107.8439,29.6411],[107.8434,29.6568],[107.8451,29.6597],[107.8549,29.6671],[107.8694,29.6681],[107.8972,29.6615],[107.9087,29.6621],[107.9243,29.6548],[107.9363,29.6547],[107.936,29.6489],[107.9444,29.635],[107.9487,29.6231],[107.9472,29.6072],[107.9499,29.6017],[107.9613,29.6086],[107.9699,29.6213],[107.9779,29.627],[107.9969,29.6278],[108.0002,29.6262],[108.0048,29.6298],[108.0103,29.624],[108.0244,29.6195],[108.0285,29.6212],[108.0337,29.6206],[108.044,29.6226],[108.056,29.6216],[108.0679,29.6142],[108.0756,29.6072],[108.0794,29.597],[108.0864,29.5909],[108.0771,29.578],[108.0695,29.579],[108.0664,29.5767],[108.067,29.5667],[108.0761,29.5574],[108.0734,29.5483],[108.0519,29.5288],[108.0156,29.5053],[108.0176,29.4938],[108.0163,29.4898],[108.0173,29.4837],[108.0137,29.4701],[108.0163,29.4668],[108.0148,29.4628],[108.0092,29.4622],[108.0133,29.459],[108.0105,29.4579],[108.0136,29.4557],[108.0121,29.4505],[108.0131,29.4488],[108.0028,29.4421],[108.0062,29.4387],[108.0035,29.4386],[108.0012,29.4358],[108.0043,29.4284],[108.0009,29.4254],[107.9989,29.4257],[107.999,29.4231],[107.9945,29.4231],[107.9901,29.4183],[107.9895,29.4082],[107.9928,29.3974],[107.9923,29.3905],[107.9884,29.3803],[107.9768,29.365],[107.9772,29.3611],[107.9831,29.3514],[107.986,29.3348],[107.9921,29.3254],[108.0009,29.3191],[108.0033,29.3152],[108.0025,29.3052],[107.9963,29.2902],[107.9991,29.2755],[107.9967,29.2645],[107.9994,29.2592],[108.0103,29.2478],[108.0112,29.2422],[108.0099,29.2349],[108.0048,29.2285],[108.0025,29.2296],[108.0009,29.2357],[107.9985,29.2369],[107.9956,29.2358],[107.993,29.2324],[107.9883,29.2193],[107.9733,29.2106],[107.9689,29.2001],[107.9701,29.1985],[107.9602,29.1887],[107.9429,29.1782],[107.9392,29.1799],[107.9352,29.185],[107.9289,29.1848],[107.9241,29.1885],[107.9188,29.1901],[107.9085,29.1897],[107.9038,29.1861],[107.9013,29.1878],[107.8993,29.1869],[107.8989,29.1842],[107.9038,29.1723],[107.8999,29.1664],[107.8987,29.1571],[107.8958,29.1516],[107.8934,29.1408],[107.8929,29.132],[107.8963,29.1201],[107.8952,29.1172],[107.8839,29.1062],[107.8846,29.0972],[107.8895,29.0852],[107.8886,29.0821],[107.8839,29.0782],[107.8755,29.0769],[107.872,29.0728],[107.8718,29.0674],[107.8752,29.0591],[107.8747,29.057],[107.8669,29.0529],[107.8512,29.0398],[107.8434,29.039],[107.8376,29.0405],[107.8267,29.0372],[107.8236,29.0342],[107.8151,29.0348],[107.814,29.0369],[107.8035,29.0429],[107.7876,29.0455],[107.7852,29.0472],[107.7898,29.0824],[107.8,29.1062],[107.8022,29.1165],[107.8107,29.1394],[107.8078,29.1433],[107.8015,29.144],[107.7933,29.1478],[107.7824,29.1617],[107.7745,29.1633],[107.7693,29.1738],[107.7596,29.1786],[107.7612,29.1849],[107.7605,29.1904],[107.7507,29.1999],[107.7394,29.189],[107.7242,29.1818],[107.7234,29.1774],[107.7272,29.1757],[107.7185,29.1561],[107.7055,29.1534],[107.703,29.1504],[107.7015,29.1422],[107.6994,29.1412],[107.6626,29.1479],[107.6595,29.1629],[107.6422,29.1606],[107.6383,29.1644],[107.6265,29.166],[107.6203,29.1652],[107.6169,29.163],[107.6076,29.1658],[107.6006,29.1596],[107.6044,29.1563],[107.6042,29.1524],[107.601,29.1478],[107.5893,29.15],[107.5871,29.1521],[107.5851,29.1583],[107.5901,29.1653],[107.5905,29.1684],[107.5861,29.1667],[107.5816,29.1714],[107.5802,29.1836],[107.5765,29.1848],[107.5753,29.1891],[107.5754,29.2073],[107.5692,29.214],[107.5701,29.2187],[107.5657,29.221],[107.5544,29.2195],[107.5479,29.208],[107.5306,29.1946],[107.5153,29.1945],[107.5051,29.1854],[107.4911,29.1762],[107.486,29.1742],[107.4781,29.1754],[107.4731,29.171],[107.4699,29.174],[107.4615,29.1776],[107.4646,29.1848],[107.4624,29.1901],[107.464,29.1954],[107.4466,29.2034],[107.4405,29.2036],[107.4271,29.1903],[107.424,29.1898],[107.4184,29.1918],[107.4055,29.1886],[107.4016,29.1847],[107.4015,29.176],[107.4123,29.1614],[107.4082,29.1509],[107.4084,29.1383],[107.414,29.1352],[107.4215,29.1358],[107.4265,29.1308],[107.4276,29.1273],[107.4191,29.1115],[107.4189,29.1065],[107.4118,29.0947],[107.3934,29.0912],[107.382,29.0975],[107.3744,29.0976],[107.3704,29.0946],[107.3697,29.0916],[107.3761,29.0748],[107.3779,29.058],[107.3907,29.0591],[107.3955,29.0413],[107.3919,29.0343],[107.3783,29.0281],[107.3771,29.0263],[107.3782,29.0209],[107.3724,29.0199],[107.3642,29.0089],[107.3704,28.9939],[107.3738,28.9929],[107.3927,28.9953],[107.397,28.9933],[107.4044,28.9819],[107.4055,28.9723],[107.4148,28.9581],[107.4243,28.9541],[107.4388,28.9553],[107.4414,28.946],[107.4339,28.9341],[107.4247,28.93],[107.4209,28.9252],[107.4187,28.9181],[107.4138,28.9114],[107.4163,28.9014],[107.4149,28.8978],[107.4171,28.8939],[107.4156,28.8898],[107.4061,28.8915],[107.3919,28.8685],[107.3954,28.8609],[107.3894,28.8567],[107.3864,28.8502],[107.3835,28.8486],[107.3732,28.8483],[107.3673,28.845],[107.3644,28.8457],[107.3599,28.85],[107.3475,28.8446],[107.3398,28.8458],[107.3342,28.8443],[107.332,28.8412],[107.333,28.8377],[107.3451,28.8296],[107.3449,28.8261],[107.3431,28.8244],[107.3362,28.8217],[107.3326,28.8156],[107.3254,28.8096],[107.3169,28.8073],[107.3021,28.8064],[107.2918,28.8016],[107.2772,28.7992],[107.2614,28.7927],[107.2524,28.7806],[107.2542,28.7742],[107.2536,28.7668],[107.2498,28.7629],[107.2465,28.7619],[107.2192,28.7727],[107.2166,28.7795],[107.2192,28.7869],[107.2166,28.7924],[107.2134,28.795],[107.2109,28.8051],[107.2106,28.8148],[107.2163,28.8282],[107.224,28.8295],[107.2244,28.8342],[107.2273,28.8359],[107.2232,28.8368],[107.2159,28.8356],[107.2081,28.8382],[107.1952,28.8381],[107.1969,28.8474],[107.2065,28.868],[107.2032,28.8717],[107.194,28.8766],[107.1984,28.8784],[107.1936,28.8888],[107.1912,28.8886],[107.1871,28.8849],[107.1835,28.8795],[107.1822,28.8812],[107.1837,28.8861],[107.1826,28.8871],[107.1787,28.8834],[107.1703,28.8807],[107.1577,28.8836],[107.155,28.8821],[107.1528,28.877],[107.1468,28.8762],[107.1447,28.8786],[107.1429,28.8875],[107.1224,28.8883],[107.1122,28.8912],[107.1079,28.8912],[107.1054,28.8893],[107.0967,28.8901],[107.0939,28.8866],[107.0888,28.8733],[107.0767,28.8706],[107.0727,28.8666],[107.0666,28.8662],[107.0598,28.8685],[107.0634,28.8771],[107.0723,28.8793],[107.077,28.8861],[107.0725,28.8864],[107.0666,28.8954],[107.0637,28.8935],[107.0575,28.8948],[107.0515,28.89],[107.0487,28.8807],[107.0453,28.8757],[107.0587,28.869],[107.0514,28.8683],[107.039,28.8637],[107.0368,28.8676],[107.0388,28.878],[107.0366,28.8811],[107.0262,28.883],[107.0161,28.8825],[107.0147,28.8779],[107.0172,28.8739],[107.0188,28.8596],[107.0159,28.8583],[107.0052,28.8592],[107.0046,28.8563],[107.0019,28.8542],[106.9887,28.8538],[106.9834,28.8512],[106.9852,28.8384],[106.9892,28.8298],[106.9845,28.8243],[106.9838,28.8172],[106.9808,28.8132],[106.9814,28.8043],[106.9837,28.8003],[106.9822,28.7986],[106.9853,28.7973],[106.9898,28.7862],[106.9884,28.7764],[106.9862,28.7736],[106.9766,28.772],[106.9759,28.7734],[106.9678,28.7741],[106.9617,28.7689],[106.9517,28.767],[106.9502,28.7776],[106.9411,28.7833],[106.9384,28.7924],[106.9314,28.8028],[106.9239,28.8029],[106.9206,28.8059],[106.9116,28.8013],[106.9054,28.7961],[106.8979,28.8011],[106.8935,28.7998],[106.8819,28.7908],[106.8742,28.7797],[106.8693,28.7755],[106.8631,28.7753],[106.8629,28.7794],[106.8613,28.781],[106.8531,28.7796],[106.8454,28.781],[106.8404,28.7769],[106.8384,28.766],[106.8324,28.7681],[106.824,28.7561],[106.8283,28.7377],[106.8324,28.7333],[106.8369,28.7347],[106.8397,28.7307],[106.8509,28.7265],[106.8606,28.7127],[106.8625,28.7075],[106.8553,28.7069],[106.8529,28.705],[106.8547,28.6971],[106.86,28.6921],[106.866,28.6902],[106.8712,28.6935],[106.8779,28.6941],[106.8832,28.6924],[106.8894,28.6957],[106.8872,28.6893],[106.881,28.6874],[106.8806,28.6805],[106.8757,28.6682],[106.867,28.6525],[106.8669,28.6499],[106.8698,28.649],[106.869,28.6378],[106.8665,28.631],[106.8676,28.6275],[106.8663,28.6245],[106.8622,28.623],[106.8293,28.6227],[106.8287,28.6167],[106.8333,28.6132],[106.8308,28.6066],[106.8272,28.6032],[106.8278,28.5993],[106.8184,28.5969],[106.8126,28.5892],[106.8077,28.5895],[106.8053,28.5962],[106.8005,28.6021],[106.7944,28.6051],[106.7914,28.6125],[106.7926,28.6162],[106.7852,28.6262],[106.7823,28.6263],[106.7789,28.6231],[106.777,28.6195],[106.7773,28.6147],[106.775,28.612],[106.7661,28.6139],[106.759,28.6111],[106.7572,28.6072],[106.7596,28.5977],[106.7586,28.5881],[106.7666,28.5802],[106.7809,28.5749],[106.7823,28.5682],[106.7799,28.5638],[106.7692,28.5624],[106.7635,28.5576],[106.7544,28.5583],[106.7458,28.5532],[106.7387,28.5545],[106.7282,28.542],[106.724,28.5299],[106.7249,28.5225],[106.735,28.5021],[106.7431,28.4955],[106.7455,28.4815],[106.7446,28.4741],[106.7468,28.4675],[106.7455,28.466],[106.7329,28.4636],[106.727,28.4547],[106.7139,28.4559],[106.7085,28.4505],[106.7042,28.4521],[106.7023,28.456],[106.6933,28.4565],[106.6917,28.4597],[106.6965,28.4649],[106.6976,28.4766],[106.6893,28.4844],[106.6761,28.4817],[106.6683,28.486],[106.6647,28.4937],[106.6632,28.4938],[106.656,28.4824],[106.6481,28.4801],[106.6418,28.4844],[106.6354,28.485],[106.6315,28.4891],[106.6307,28.4976],[106.6352,28.5005],[106.6335,28.501],[106.6328,28.5035],[106.6271,28.5006],[106.6206,28.5025],[106.6102,28.4979],[106.6053,28.5045],[106.599,28.507],[106.5964,28.5099],[106.5934,28.5102],[106.5871,28.5081],[106.5845,28.5056],[106.5915,28.4991],[106.5922,28.4918],[106.5907,28.4893],[106.5814,28.4889],[106.568,28.484],[106.564,28.4866],[106.565,28.4942],[106.5628,28.4974],[106.5631,28.5003],[106.5679,28.506],[106.5615,28.5093],[106.5601,28.5122],[106.5663,28.5196],[106.566,28.5214],[106.5687,28.5237],[106.5864,28.524],[106.5883,28.5262],[106.5889,28.5314],[106.5986,28.5357],[106.6006,28.5414],[106.6031,28.5436],[106.6153,28.5497],[106.6168,28.5628],[106.6127,28.5798],[106.607,28.5895],[106.607,28.5943],[106.6131,28.6088],[106.6164,28.6092],[106.626,28.6043],[106.6336,28.6076],[106.6365,28.6132],[106.6348,28.6183],[106.6369,28.6248],[106.634,28.6299],[106.6283,28.6297],[106.6286,28.6345],[106.6189,28.6373],[106.617,28.6408],[106.6177,28.6443],[106.6222,28.646],[106.6433,28.6446],[106.6495,28.6469],[106.6511,28.6513],[106.6426,28.6649],[106.64,28.6646],[106.6352,28.6585],[106.631,28.6578],[106.6195,28.6648],[106.6177,28.6673],[106.6178,28.672],[106.6139,28.6777],[106.6194,28.6872],[106.6172,28.6912],[106.6061,28.6851],[106.602,28.6867],[106.5999,28.6903],[106.596,28.6925],[106.5934,28.6926],[106.5863,28.6881],[106.5871,28.6923],[106.5826,28.7019],[106.5769,28.7024],[106.5731,28.7045],[106.5723,28.7065],[106.5741,28.7091],[106.5697,28.7097],[106.5603,28.7207],[106.5592,28.7315],[106.5639,28.7462],[106.5607,28.7578],[106.548,28.7699],[106.5408,28.7689],[106.534,28.7709],[106.5328,28.7735],[106.5344,28.7756],[106.5338,28.7787],[106.5231,28.7811],[106.5229,28.7852],[106.5212,28.7865],[106.5226,28.7909],[106.5206,28.7921],[106.5211,28.7943],[106.5187,28.7948],[106.5169,28.7932],[106.5088,28.7959],[106.4944,28.8056],[106.4906,28.8065],[106.4861,28.8145],[106.4774,28.8246],[106.4745,28.833],[106.4686,28.8343],[106.4631,28.8321],[106.4619,28.8303],[106.4674,28.8288],[106.4684,28.8265],[106.4525,28.8162],[106.4524,28.8141],[106.4547,28.8121],[106.4515,28.8078],[106.4596,28.8057],[106.4592,28.8013],[106.4636,28.7993],[106.4598,28.7949],[106.4517,28.7928],[106.4542,28.7761],[106.4611,28.7664],[106.4634,28.7598],[106.4781,28.7492],[106.4834,28.746],[106.4864,28.7461],[106.4904,28.7417],[106.4927,28.7417],[106.4938,28.7336],[106.4961,28.7289],[106.5013,28.7275],[106.497,28.7236],[106.5001,28.7196],[106.498,28.7176],[106.5049,28.7156],[106.5103,28.7162],[106.5078,28.7129],[106.5124,28.7111],[106.5095,28.7096],[106.5115,28.7089],[106.5111,28.707],[106.5149,28.7005],[106.5131,28.6951],[106.5157,28.6884],[106.5282,28.6777],[106.5297,28.6731],[106.5233,28.6695],[106.5201,28.6621],[106.5164,28.6607],[106.5053,28.6622],[106.5024,28.6609],[106.5053,28.6539],[106.5045,28.6482],[106.5064,28.6467],[106.5052,28.6401],[106.5067,28.6356],[106.501,28.6281],[106.5025,28.6235],[106.5014,28.6182],[106.4987,28.6181],[106.4951,28.6154],[106.4935,28.6065],[106.4943,28.6002],[106.5061,28.5865],[106.5089,28.58],[106.514,28.5769],[106.5247,28.5778],[106.5251,28.5754],[106.5207,28.5724],[106.5167,28.5736],[106.5156,28.572],[106.5164,28.5663],[106.5148,28.5651],[106.5077,28.5654],[106.5027,28.573],[106.4976,28.5876],[106.4926,28.5912],[106.4857,28.5913],[106.4764,28.5992],[106.4744,28.5992],[106.467,28.5864],[106.4707,28.5814],[106.4795,28.5744],[106.4873,28.5588],[106.4991,28.5507],[106.5047,28.5447],[106.5054,28.5387],[106.5016,28.5347],[106.4934,28.5383],[106.4905,28.5333],[106.4866,28.5337],[106.4839,28.5306],[106.4733,28.5318],[106.4691,28.5355],[106.4673,28.5416],[106.4587,28.5449],[106.4553,28.5436],[106.4531,28.5447],[106.4539,28.5509],[106.4463,28.5544],[106.4416,28.5594],[106.434,28.5567],[106.4232,28.5627],[106.4106,28.5638],[106.4043,28.5691],[106.3991,28.5712],[106.3945,28.5694],[106.3873,28.5628],[106.3829,28.5617],[106.3857,28.5608],[106.3868,28.5566],[106.3895,28.5554],[106.3898,28.5533],[106.386,28.5521],[106.3882,28.5485],[106.3835,28.546],[106.3858,28.5426],[106.3845,28.5405],[106.3826,28.5395],[106.3778,28.5423],[106.3736,28.5376],[106.3786,28.5326],[106.3743,28.5256],[106.3717,28.527],[106.3681,28.5244],[106.3667,28.5265],[106.3639,28.5269],[106.3556,28.5381],[106.3522,28.54],[106.3495,28.5399],[106.3422,28.5326],[106.3377,28.5387],[106.3384,28.5469],[106.3318,28.5528],[106.3448,28.562],[106.3449,28.5655],[106.3393,28.5664],[106.3452,28.573],[106.3463,28.585],[106.3448,28.5885],[106.3407,28.5916],[106.3414,28.5974],[106.3314,28.6041],[106.3246,28.6159],[106.3252,28.6258],[106.3295,28.6348],[106.3265,28.6375],[106.3166,28.6377],[106.3108,28.64],[106.3068,28.6431],[106.304,28.6499],[106.3104,28.6597],[106.3193,28.6618],[106.3215,28.6647],[106.3066,28.6746],[106.3072,28.6879],[106.3043,28.6955],[106.3042,28.7078],[106.2974,28.7155],[106.2955,28.7235],[106.2879,28.7286],[106.2877,28.7324],[106.2781,28.7389],[106.2732,28.7398],[106.2709,28.7549],[106.2712,28.7647],[106.2704,28.7689],[106.2674,28.7713],[106.2674,28.7803],[106.2608,28.7847],[106.2524,28.7858],[106.2482,28.7997],[106.2478,28.8083],[106.2445,28.8132],[106.2459,28.8176],[106.2517,28.8162],[106.2556,28.8179],[106.2477,28.8231],[106.2467,28.8265],[106.2484,28.829],[106.2543,28.8294],[106.2602,28.8336],[106.2651,28.8467],[106.2576,28.854],[106.2532,28.8657],[106.2378,28.8679],[106.2371,28.873],[106.2271,28.8833],[106.2275,28.8893],[106.2154,28.8917],[106.2095,28.897],[106.2058,28.9058],[106.201,28.9051],[106.1984,28.9079],[106.1928,28.9081],[106.1898,28.9121],[106.1737,28.9208],[106.1728,28.9157],[106.1682,28.9119],[106.1625,28.9089],[106.1555,28.9092],[106.1501,28.9026],[106.1465,28.9014],[106.1343,28.9051],[106.1266,28.9032],[106.1202,28.9035],[106.1062,28.8991],[106.0995,28.8993],[106.0877,28.9042],[106.0894,28.911],[106.0886,28.9146],[106.0856,28.9103],[106.0759,28.915],[106.0705,28.9198],[106.0628,28.9182],[106.0582,28.9108],[106.0519,28.9069],[106.0483,28.9067],[106.0412,28.9125],[106.0394,28.9177],[106.0424,28.9257],[106.0382,28.9271],[106.0423,28.9295],[106.0459,28.9253],[106.0487,28.9271],[106.0443,28.9321],[106.0384,28.9355],[106.0407,28.9412],[106.0474,28.9436],[106.0456,28.9525],[106.0404,28.9554],[106.0361,28.9557],[106.0251,28.9499],[106.0212,28.9505],[106.0174,28.9529],[106.0015,28.9736],[105.9866,28.9789],[105.9807,28.9777],[105.9746,28.9736],[105.9769,28.9708],[105.9882,28.9689],[105.9891,28.9666],[105.9879,28.9635],[105.9827,28.9626],[105.9778,28.9583],[105.9725,28.9656],[105.9689,28.9658],[105.9636,28.9626],[105.9581,28.9525],[105.9441,28.9396],[105.9375,28.9379],[105.9345,28.9339],[105.9231,28.9331],[105.9196,28.9295],[105.9167,28.9224],[105.9097,28.9204],[105.9099,28.9152],[105.9156,28.9075],[105.914,28.901],[105.9096,28.9002],[105.9005,28.9065],[105.8893,28.9095],[105.886,28.9146],[105.8885,28.9209],[105.8881,28.9268],[105.8851,28.9308],[105.8796,28.9338],[105.875,28.934],[105.8527,28.9274],[105.8443,28.9309],[105.84,28.9366],[105.8305,28.9443],[105.8241,28.9413],[105.8106,28.9409],[105.8033,28.9361],[105.7976,28.9359],[105.7927,28.9435],[105.7933,28.9476],[105.7963,28.9496],[105.8038,28.9476],[105.8089,28.9565],[105.8013,28.9582],[105.7882,28.9782],[105.7791,28.9799],[105.7756,28.9836],[105.7707,28.9853],[105.7659,28.9905],[105.7625,28.9913],[105.7648,29.0004],[105.7629,29.0036],[105.7657,29.0068],[105.7662,29.0134],[105.7634,29.0168],[105.7609,29.0169],[105.7619,29.0195],[105.7542,29.0239],[105.752,29.0295],[105.7496,29.03],[105.7504,29.0338],[105.7455,29.0344],[105.7476,29.038],[105.7417,29.039],[105.7443,29.0435],[105.7469,29.0437],[105.7446,29.0466],[105.7521,29.052],[105.7506,29.0537],[105.7542,29.0633],[105.7578,29.0662],[105.7578,29.069],[105.7558,29.072],[105.745,29.0755],[105.7409,29.0886],[105.7299,29.0988],[105.729,29.1062],[105.7323,29.1181],[105.7352,29.1224],[105.7521,29.1298],[105.7523,29.1334],[105.7504,29.1357],[105.7448,29.1378],[105.7368,29.1318],[105.7332,29.131],[105.7288,29.1344],[105.731,29.1457],[105.7277,29.1477],[105.7294,29.1522],[105.7277,29.1545],[105.7288,29.1559],[105.7203,29.1713],[105.7174,29.1736],[105.7167,29.1962],[105.712,29.2192],[105.7084,29.2202],[105.7059,29.223],[105.7089,29.238],[105.6986,29.2571],[105.6927,29.2734],[105.6923,29.2791],[105.6952,29.2874],[105.7159,29.2909],[105.7169,29.2929],[105.7155,29.2956],[105.7051,29.2992],[105.6954,29.2959],[105.6835,29.2846],[105.6815,29.2801],[105.6822,29.2759],[105.6794,29.2738],[105.669,29.2745],[105.6651,29.2766],[105.6636,29.2714],[105.6716,29.2609],[105.6665,29.2529],[105.658,29.2515],[105.6476,29.2532],[105.6413,29.2581],[105.6394,29.2616],[105.6441,29.271],[105.6436,29.2743],[105.638,29.2787],[105.6318,29.2804],[105.6198,29.2717],[105.6142,29.2583],[105.6102,29.2557],[105.608,29.2557],[105.6075,29.258],[105.6095,29.2727],[105.6056,29.2748],[105.596,29.2745],[105.5797,29.2702],[105.5708,29.2751],[105.5574,29.2784],[105.5558,29.2736],[105.5533,29.2722],[105.5394,29.2733],[105.5292,29.2699],[105.5234,29.2654],[105.5184,29.2645],[105.5125,29.2674],[105.5093,29.2714],[105.5094,29.2747],[105.5138,29.2817],[105.5091,29.2854],[105.4858,29.278],[105.4762,29.2792],[105.4756,29.2827],[105.4738,29.2841],[105.4592,29.2886],[105.4593,29.2901],[105.4684,29.2952],[105.4656,29.305],[105.4731,29.3067],[105.4743,29.31],[105.4666,29.3114],[105.4676,29.3187],[105.4665,29.3216],[105.4579,29.3287],[105.4547,29.3291],[105.4528,29.3209],[105.4504,29.318],[105.4426,29.3198],[105.4308,29.3181],[105.4259,29.3153],[105.4218,29.3102],[105.4201,29.3144],[105.4218,29.3193],[105.4208,29.3221]]]]}},{"type":"Feature","properties":{"adcode":"500200","name":"重庆郊县","level":"city","center":[108.170255,29.291965],"site":"https://geojson.hxkj.vip"},"geometry":{"type":"MultiPolygon","coordinates":[[[[109.0986,30.5791],[109.1061,30.5708],[109.1037,30.5658],[109.0968,30.5722],[109.0929,30.5787],[109.0986,30.5791]]],[[[109.1055,30.5857],[109.103,30.5843],[109.1027,30.5802],[109.0994,30.5809],[109.0986,30.5791],[109.0929,30.5787],[109.0902,30.5884],[109.0836,30.5983],[109.0856,30.6041],[109.0932,30.609],[109.1059,30.6107],[109.1055,30.5857]]],[[[108.9118,30.5781],[108.9013,30.5891],[108.8945,30.5924],[108.8696,30.6113],[108.8732,30.6153],[108.8717,30.6183],[108.8762,30.6189],[108.8765,30.6235],[108.8792,30.6261],[108.8818,30.6259],[108.8823,30.629],[108.8884,30.6307],[108.888,30.6334],[108.896,30.6353],[108.8948,30.64],[108.8989,30.6412],[108.9017,30.6468],[108.9005,30.6559],[108.9026,30.6622],[108.9006,30.6641],[108.9,30.6764],[108.8963,30.684],[108.8932,30.6863],[108.8897,30.6864],[108.8885,30.6886],[108.8848,30.6868],[108.8835,30.6958],[108.8815,30.6961],[108.8775,30.6951],[108.8768,30.6924],[108.8732,30.692],[108.8715,30.6898],[108.8635,30.6894],[108.8609,30.6865],[108.8548,30.6874],[108.8535,30.6844],[108.8497,30.6841],[108.8486,30.6819],[108.8368,30.6801],[108.8359,30.6784],[108.8291,30.679],[108.8233,30.6917],[108.8201,30.694],[108.8012,30.6894],[108.7859,30.6835],[108.7801,30.6839],[108.7789,30.6862],[108.7806,30.6902],[108.7799,30.6957],[108.7926,30.7066],[108.7909,30.709],[108.7924,30.713],[108.7898,30.7143],[108.7634,30.713],[108.7671,30.7225],[108.7624,30.7294],[108.7676,30.7336],[108.7687,30.7378],[108.7647,30.7421],[108.755,30.74],[108.7498,30.7455],[108.7402,30.7755],[108.7414,30.7788],[108.7468,30.7815],[108.7473,30.7834],[108.7405,30.7879],[108.7379,30.7982],[108.7393,30.8041],[108.7385,30.808],[108.7317,30.8149],[108.7197,30.8149],[108.7181,30.8192],[108.716,30.8187],[108.7152,30.8151],[108.7048,30.8118],[108.7,30.8118],[108.6973,30.817],[108.6988,30.822],[108.6969,30.8255],[108.6851,30.836],[108.6864,30.8447],[108.6759,30.8514],[108.6716,30.8524],[108.666,30.868],[108.6592,30.8726],[108.6596,30.8777],[108.6524,30.8914],[108.6386,30.8882],[108.6342,30.8845],[108.6363,30.8828],[108.635,30.8802],[108.6274,30.8753],[108.6248,30.876],[108.6216,30.8886],[108.6232,30.8936],[108.6223,30.9054],[108.6253,30.9094],[108.6231,30.9115],[108.6234,30.9138],[108.6283,30.9188],[108.6238,30.9246],[108.6192,30.927],[108.6189,30.9347],[108.6097,30.9389],[108.5966,30.9231],[108.5883,30.9173],[108.57,30.9128],[108.5559,30.9126],[108.5519,30.9168],[108.5456,30.9333],[108.5476,30.9404],[108.5409,30.9465],[108.5381,30.9578],[108.5307,30.9623],[108.5236,30.9732],[108.5238,30.9765],[108.5313,30.978],[108.5335,30.9805],[108.5326,30.9881],[108.5393,30.9926],[108.5384,30.9952],[108.5309,30.9957],[108.5167,30.9905],[108.5116,30.9928],[108.5066,30.9926],[108.5011,30.9865],[108.5041,30.9773],[108.4966,30.9728],[108.4911,30.9739],[108.4872,30.9773],[108.471,30.9717],[108.4655,30.9719],[108.4605,30.9674],[108.4562,30.968],[108.4547,30.9702],[108.4543,30.9807],[108.4527,30.9851],[108.4556,30.9947],[108.4536,30.9979],[108.4507,30.9996],[108.4446,30.9987],[108.4391,31.0029],[108.4329,30.9995],[108.4265,30.9982],[108.415,30.9989],[108.4158,31.0039],[108.418,31.0061],[108.4321,31.0127],[108.4372,31.014],[108.4503,31.0132],[108.4737,31.0218],[108.48,31.0378],[108.4791,31.0421],[108.4805,31.0477],[108.4767,31.0534],[108.4878,31.0582],[108.4869,31.0631],[108.4882,31.0647],[108.4962,31.069],[108.5107,31.0732],[108.512,31.0742],[108.511,31.0779],[108.5143,31.08],[108.52,31.0802],[108.5285,31.0836],[108.5399,31.083],[108.5353,31.0917],[108.5379,31.0955],[108.5589,31.0889],[108.5475,31.1065],[108.551,31.1107],[108.5618,31.1139],[108.5646,31.1264],[108.5627,31.1305],[108.5655,31.138],[108.5694,31.1414],[108.5769,31.1429],[108.5845,31.147],[108.5903,31.1512],[108.5931,31.156],[108.6026,31.1613],[108.5984,31.1709],[108.5917,31.1738],[108.5853,31.1738],[108.5836,31.1749],[108.5839,31.1777],[108.5796,31.1767],[108.5777,31.1789],[108.5877,31.1851],[108.5897,31.1887],[108.5906,31.1953],[108.5888,31.2024],[108.5911,31.2054],[108.5974,31.2326],[108.6186,31.2522],[108.6192,31.2573],[108.621,31.2591],[108.6305,31.2568],[108.6367,31.2648],[108.6421,31.2663],[108.6435,31.2687],[108.643,31.2773],[108.6363,31.2835],[108.6546,31.2892],[108.6587,31.2931],[108.6583,31.3002],[108.6373,31.3237],[108.6358,31.3299],[108.639,31.3374],[108.6442,31.3395],[108.659,31.341],[108.6645,31.3399],[108.669,31.3416],[108.6833,31.3408],[108.6993,31.3446],[108.7015,31.349],[108.6968,31.3583],[108.6968,31.3624],[108.7019,31.3656],[108.7048,31.3711],[108.7079,31.3703],[108.7081,31.3724],[108.7108,31.3734],[108.7092,31.375],[108.6935,31.3774],[108.6917,31.381],[108.6937,31.3859],[108.6987,31.3903],[108.7095,31.3943],[108.73,31.3908],[108.735,31.3924],[108.7364,31.3957],[108.7318,31.4046],[108.7389,31.4065],[108.7403,31.4085],[108.7398,31.4151],[108.7421,31.4201],[108.7578,31.4309],[108.7599,31.4386],[108.7541,31.4428],[108.7513,31.4439],[108.7401,31.4418],[108.7335,31.4514],[108.7031,31.4633],[108.7051,31.4685],[108.6966,31.4778],[108.6998,31.4905],[108.6952,31.4975],[108.695,31.5012],[108.7036,31.5042],[108.7128,31.5012],[108.7243,31.5029],[108.7305,31.4997],[108.748,31.5052],[108.7625,31.5044],[108.7655,31.5083],[108.7695,31.5298],[108.7771,31.5436],[108.7844,31.5463],[108.7861,31.5489],[108.794,31.5514],[108.8029,31.5759],[108.8203,31.5746],[108.8242,31.5789],[108.8371,31.5742],[108.8407,31.5743],[108.8442,31.5768],[108.85,31.5774],[108.8548,31.5799],[108.8651,31.5928],[108.8813,31.6048],[108.8839,31.6054],[108.8872,31.6032],[108.8949,31.606],[108.8966,31.6095],[108.8954,31.6156],[108.8887,31.6198],[108.8875,31.6234],[108.8877,31.6257],[108.893,31.631],[108.8922,31.6412],[108.8966,31.6472],[108.8952,31.6517],[108.8982,31.6548],[108.8884,31.655],[108.8794,31.6638],[108.8742,31.6643],[108.8658,31.6702],[108.8616,31.6805],[108.8489,31.6811],[108.8465,31.6825],[108.845,31.6864],[108.8399,31.6842],[108.8099,31.6858],[108.7966,31.6839],[108.7821,31.6888],[108.7784,31.6819],[108.7715,31.6823],[108.7686,31.6809],[108.7682,31.6761],[108.7581,31.6643],[108.7552,31.6554],[108.7553,31.6471],[108.7481,31.6425],[108.7423,31.6409],[108.7369,31.6334],[108.7276,31.6344],[108.7238,31.6298],[108.7128,31.6276],[108.7097,31.6305],[108.6996,31.6341],[108.6952,31.6305],[108.6962,31.6268],[108.6915,31.6252],[108.6828,31.6275],[108.6796,31.6236],[108.6757,31.6227],[108.6621,31.6242],[108.6573,31.6263],[108.6531,31.6251],[108.6506,31.6219],[108.6464,31.6224],[108.6393,31.6277],[108.6401,31.637],[108.6387,31.6405],[108.6361,31.6434],[108.631,31.6451],[108.6244,31.6516],[108.6219,31.6489],[108.6175,31.6487],[108.6119,31.6521],[108.6087,31.6504],[108.5983,31.6558],[108.5926,31.6562],[108.5908,31.6584],[108.587,31.6591],[108.5833,31.6644],[108.5768,31.6641],[108.576,31.6661],[108.5774,31.6684],[108.5757,31.6703],[108.5674,31.6731],[108.5643,31.6735],[108.5609,31.6695],[108.5496,31.6743],[108.5428,31.6736],[108.5322,31.6772],[108.528,31.6805],[108.5272,31.6849],[108.5222,31.686],[108.5224,31.6883],[108.5152,31.6934],[108.5161,31.6964],[108.5248,31.6997],[108.5238,31.7106],[108.5198,31.7251],[108.5062,31.7317],[108.5055,31.7337],[108.529,31.7529],[108.5347,31.7556],[108.5353,31.7577],[108.5288,31.7578],[108.5254,31.761],[108.5198,31.762],[108.5157,31.7611],[108.512,31.7643],[108.4916,31.7736],[108.489,31.772],[108.4876,31.7772],[108.4886,31.7803],[108.4764,31.778],[108.4706,31.7812],[108.4625,31.7806],[108.4577,31.7829],[108.4539,31.7891],[108.4651,31.806],[108.4648,31.8095],[108.4616,31.8135],[108.4513,31.8131],[108.4439,31.8106],[108.4415,31.8076],[108.4292,31.8094],[108.425,31.8112],[108.4226,31.8142],[108.3948,31.8265],[108.3913,31.8297],[108.3897,31.8403],[108.3842,31.8477],[108.3862,31.8539],[108.3791,31.8556],[108.3753,31.8552],[108.3717,31.8526],[108.3465,31.8592],[108.341,31.8635],[108.3369,31.8693],[108.3347,31.8772],[108.3262,31.8816],[108.3084,31.906],[108.2995,31.9113],[108.2939,31.9113],[108.2922,31.9127],[108.2895,31.9109],[108.2843,31.915],[108.2827,31.9178],[108.286,31.9389],[108.2806,31.9492],[108.2802,31.9531],[108.2758,31.9576],[108.2722,31.9582],[108.2647,31.9647],[108.2593,31.9669],[108.2604,31.9689],[108.2646,31.9695],[108.2668,31.9719],[108.2654,31.981],[108.2667,31.9848],[108.2699,31.9851],[108.2786,31.9794],[108.2821,31.9792],[108.2841,31.9804],[108.2837,31.9855],[108.2857,31.988],[108.2904,31.9901],[108.2972,31.9885],[108.3081,31.9974],[108.3259,31.985],[108.3375,31.9817],[108.3512,31.9717],[108.3582,31.9792],[108.3672,31.9845],[108.37,31.988],[108.3647,31.9951],[108.3615,31.9962],[108.3614,31.9981],[108.3385,32.0095],[108.3342,32.0167],[108.3292,32.0193],[108.3401,32.0231],[108.3458,32.0283],[108.3563,32.0312],[108.3636,32.0389],[108.3636,32.049],[108.3598,32.0538],[108.3448,32.0605],[108.3436,32.0639],[108.3454,32.069],[108.3505,32.0707],[108.3536,32.0689],[108.3607,32.0694],[108.3747,32.0772],[108.3866,32.0724],[108.3917,32.0667],[108.4129,32.0701],[108.4194,32.0644],[108.43,32.0614],[108.4504,32.0744],[108.4524,32.0809],[108.4521,32.091],[108.4393,32.0947],[108.4316,32.1017],[108.427,32.1099],[108.4229,32.1129],[108.4235,32.1173],[108.4149,32.1264],[108.4118,32.135],[108.4021,32.1452],[108.3982,32.1476],[108.391,32.1479],[108.3896,32.1519],[108.3832,32.1517],[108.379,32.1534],[108.3825,32.1546],[108.3849,32.1537],[108.3881,32.1589],[108.3694,32.1733],[108.3702,32.1763],[108.3792,32.1775],[108.3879,32.1862],[108.4036,32.1961],[108.4064,32.1962],[108.4244,32.1874],[108.43,32.1917],[108.434,32.1921],[108.4429,32.1892],[108.4565,32.1817],[108.4758,32.1816],[108.4811,32.1829],[108.4921,32.1946],[108.5004,32.1959],[108.5097,32.2012],[108.5356,32.1857],[108.5438,32.1781],[108.551,32.1761],[108.5593,32.1774],[108.5639,32.1748],[108.5857,32.1713],[108.5929,32.1592],[108.603,32.1548],[108.6066,32.155],[108.6288,32.1402],[108.6355,32.1328],[108.647,32.1287],[108.6535,32.123],[108.6545,32.1169],[108.6669,32.1119],[108.6726,32.1041],[108.6935,32.1032],[108.7028,32.1051],[108.7142,32.1036],[108.7264,32.1068],[108.7359,32.1061],[108.7453,32.1014],[108.7511,32.0945],[108.7502,32.0896],[108.7527,32.0868],[108.752,32.0735],[108.7588,32.0706],[108.7629,32.0669],[108.768,32.0655],[108.7763,32.0551],[108.7816,32.0536],[108.7887,32.0483],[108.8106,32.0472],[108.8269,32.041],[108.8379,32.0388],[108.851,32.0276],[108.8518,32.0232],[108.8656,32.0084],[108.8684,32.0035],[108.8735,32.0002],[108.8838,31.9978],[108.8843,31.994],[108.8907,31.9899],[108.9033,31.9848],[108.9159,31.9881],[108.9371,31.9889],[108.9541,31.9792],[108.9669,31.9828],[108.9782,31.9781],[108.9867,31.98],[108.9995,31.9725],[109.0138,31.9696],[109.0209,31.9632],[109.0309,31.9594],[109.0356,31.9581],[109.039,31.9609],[109.0588,31.942],[109.0699,31.9389],[109.0855,31.9294],[109.0912,31.9224],[109.1232,31.893],[109.1378,31.8893],[109.1638,31.8773],[109.1909,31.8557],[109.1917,31.8486],[109.1943,31.8462],[109.1983,31.8458],[109.1996,31.8436],[109.1914,31.8264],[109.1931,31.8199],[109.1954,31.8176],[109.2136,31.8175],[109.2324,31.8094],[109.2399,31.8113],[109.2556,31.8029],[109.2585,31.804],[109.2757,31.7996],[109.275,31.7892],[109.2784,31.7802],[109.2813,31.7776],[109.263,31.7733],[109.2611,31.7681],[109.2547,31.7669],[109.2528,31.7648],[109.2536,31.7603],[109.2553,31.7589],[109.2713,31.7566],[109.2729,31.7512],[109.2708,31.7493],[109.2798,31.7459],[109.2826,31.7433],[109.2831,31.7396],[109.2793,31.7252],[109.2816,31.7169],[109.2854,31.717],[109.293,31.713],[109.302,31.7107],[109.3343,31.7084],[109.3612,31.7086],[109.3895,31.7051],[109.3958,31.7078],[109.4143,31.7091],[109.4161,31.7118],[109.4159,31.7156],[109.4203,31.7206],[109.4259,31.7188],[109.4329,31.7213],[109.4402,31.7205],[109.4437,31.7226],[109.4541,31.7228],[109.457,31.7216],[109.4597,31.7152],[109.4734,31.7147],[109.4762,31.72],[109.491,31.721],[109.5036,31.7165],[109.5072,31.7191],[109.5259,31.7238],[109.5313,31.7231],[109.5505,31.7303],[109.5555,31.7307],[109.5604,31.7276],[109.5679,31.7261],[109.5804,31.7287],[109.5921,31.7238],[109.6062,31.7147],[109.617,31.7116],[109.6222,31.7119],[109.629,31.716],[109.6449,31.7209],[109.6496,31.7209],[109.6631,31.7164],[109.6849,31.7195],[109.6932,31.7169],[109.696,31.7071],[109.7055,31.7062],[109.7095,31.7011],[109.7331,31.6996],[109.7342,31.6965],[109.7278,31.6881],[109.7311,31.6852],[109.7319,31.6732],[109.7406,31.6636],[109.7425,31.6587],[109.74,31.6514],[109.7404,31.6352],[109.7374,31.6287],[109.751,31.6161],[109.7531,31.6118],[109.7636,31.6072],[109.7648,31.6039],[109.7568,31.6008],[109.7494,31.6003],[109.7456,31.5981],[109.7447,31.5842],[109.7477,31.5805],[109.7473,31.5787],[109.7358,31.5754],[109.7275,31.5707],[109.7248,31.5635],[109.7189,31.557],[109.7278,31.5483],[109.738,31.5461],[109.7498,31.5478],[109.759,31.5469],[109.7654,31.5497],[109.7794,31.5487],[109.7886,31.5504],[109.7911,31.5496],[109.7957,31.5428],[109.7987,31.541],[109.8221,31.5537],[109.838,31.5553],[109.8489,31.5518],[109.8602,31.5435],[109.8663,31.5314],[109.8782,31.5289],[109.8946,31.5192],[109.9238,31.5215],[109.9293,31.5204],[109.9335,31.5189],[109.9385,31.5118],[109.9474,31.5063],[109.9672,31.5082],[109.9765,31.5132],[109.9818,31.5134],[109.9731,31.5053],[109.9613,31.4993],[109.9599,31.4939],[109.9572,31.4908],[109.9493,31.4886],[109.9422,31.4832],[109.9406,31.4787],[109.946,31.4695],[109.9547,31.4684],[109.9679,31.4743],[109.9878,31.4747],[109.9973,31.4683],[110.0014,31.4626],[110.0036,31.4536],[110.0086,31.4484],[110.0207,31.4421],[110.0355,31.4384],[110.0369,31.4345],[110.0345,31.4308],[110.0498,31.4184],[110.054,31.4109],[110.0706,31.4085],[110.0808,31.4103],[110.0919,31.4088],[110.1001,31.4113],[110.1074,31.4081],[110.1151,31.4123],[110.1185,31.4097],[110.1176,31.4051],[110.1189,31.4006],[110.1234,31.3954],[110.1425,31.3894],[110.1452,31.3844],[110.1453,31.3813],[110.1407,31.3727],[110.14,31.3683],[110.1435,31.3605],[110.1492,31.3558],[110.1473,31.3478],[110.1481,31.3453],[110.158,31.3335],[110.1584,31.3298],[110.1529,31.3226],[110.1518,31.3179],[110.1615,31.3143],[110.1626,31.3047],[110.164,31.3032],[110.1622,31.291],[110.1566,31.2858],[110.156,31.2825],[110.159,31.2662],[110.1623,31.2598],[110.1601,31.2567],[110.1625,31.2519],[110.1718,31.2504],[110.1748,31.2437],[110.1727,31.2318],[110.1696,31.2279],[110.1713,31.2255],[110.1702,31.2228],[110.1712,31.2195],[110.1776,31.2108],[110.1765,31.1981],[110.1808,31.1779],[110.1846,31.171],[110.1969,31.1636],[110.1999,31.1586],[110.1936,31.1509],[110.1875,31.1467],[110.1866,31.1373],[110.1889,31.1339],[110.1894,31.1295],[110.1855,31.1256],[110.1802,31.1217],[110.1699,31.1198],[110.1622,31.116],[110.1556,31.1186],[110.1469,31.1169],[110.1458,31.1082],[110.1354,31.1063],[110.1299,31.0963],[110.1221,31.0942],[110.1203,31.0899],[110.123,31.0845],[110.1208,31.0814],[110.1221,31.0729],[110.1246,31.0693],[110.1276,31.0688],[110.1254,31.0649],[110.1305,31.0655],[110.1327,31.0642],[110.1334,31.0613],[110.1323,31.0587],[110.1266,31.0547],[110.1249,31.0496],[110.1252,31.0413],[110.1209,31.0382],[110.1208,31.032],[110.1299,31.032],[110.1405,31.0296],[110.1373,31.026],[110.1413,31.0195],[110.141,31.005],[110.1373,30.9998],[110.1378,30.9912],[110.1361,30.9868],[110.1636,30.9916],[110.1719,30.9872],[110.1732,30.9796],[110.1617,30.9686],[110.1637,30.9643],[110.163,30.9602],[110.1532,30.9523],[110.153,30.9476],[110.1505,30.9431],[110.1508,30.9384],[110.1452,30.9261],[110.1456,30.9221],[110.1518,30.9127],[110.1469,30.9015],[110.1375,30.8896],[110.1245,30.8689],[110.12,30.8547],[110.1143,30.849],[110.1154,30.8449],[110.1021,30.8327],[110.0958,30.8299],[110.0946,30.826],[110.0959,30.8216],[110.0895,30.8161],[110.0894,30.8107],[110.0865,30.809],[110.0823,30.7996],[110.0749,30.8023],[110.0697,30.8001],[110.0487,30.8007],[110.043,30.8052],[110.0434,30.8115],[110.039,30.8155],[110.0392,30.8205],[110.0314,30.8207],[110.0265,30.826],[110.0196,30.8296],[110.0186,30.839],[110.0197,30.8463],[110.018,30.8553],[110.0158,30.856],[110.0132,30.8611],[110.0078,30.8652],[110.0051,30.8699],[110.0082,30.8819],[110.0074,30.8843],[110.0026,30.8852],[109.9973,30.8835],[109.9951,30.8878],[109.9818,30.8864],[109.9759,30.8887],[109.9636,30.8824],[109.9584,30.8775],[109.9454,30.8781],[109.9437,30.879],[109.9409,30.8897],[109.9323,30.8877],[109.9262,30.8921],[109.9129,30.8944],[109.9057,30.8998],[109.8942,30.8997],[109.8782,30.8892],[109.8561,30.8803],[109.8289,30.8644],[109.8248,30.8638],[109.8194,30.8602],[109.7976,30.8556],[109.7808,30.8486],[109.7591,30.8328],[109.7296,30.8154],[109.7197,30.8067],[109.7166,30.8017],[109.7175,30.7946],[109.7157,30.7902],[109.7174,30.7864],[109.7207,30.7839],[109.7204,30.7809],[109.7181,30.7787],[109.7096,30.7762],[109.7014,30.7705],[109.7013,30.7747],[109.7044,30.7812],[109.7021,30.7837],[109.6922,30.7789],[109.6854,30.7687],[109.6635,30.7635],[109.6567,30.7604],[109.6608,30.7373],[109.652,30.7228],[109.6491,30.7189],[109.6254,30.7027],[109.6022,30.6988],[109.5907,30.6934],[109.5816,30.6708],[109.5874,30.667],[109.588,30.6647],[109.5771,30.6553],[109.5774,30.6503],[109.5741,30.6469],[109.5629,30.6467],[109.5388,30.6384],[109.5341,30.6392],[109.5337,30.6416],[109.5414,30.6517],[109.5407,30.6587],[109.5379,30.664],[109.5287,30.6639],[109.5194,30.6565],[109.5147,30.6554],[109.5092,30.6494],[109.4933,30.6372],[109.4846,30.624],[109.4659,30.6195],[109.4584,30.6157],[109.4493,30.6037],[109.4369,30.5973],[109.426,30.572],[109.4181,30.56],[109.3938,30.5311],[109.3808,30.5183],[109.3652,30.4961],[109.3537,30.487],[109.3428,30.4947],[109.3404,30.5046],[109.3416,30.5127],[109.3372,30.5208],[109.3422,30.5296],[109.361,30.551],[109.3612,30.5547],[109.3443,30.5771],[109.324,30.593],[109.3157,30.5971],[109.3145,30.5998],[109.3233,30.6042],[109.3282,30.6161],[109.3263,30.6177],[109.3229,30.617],[109.3136,30.6102],[109.3024,30.6241],[109.3029,30.631],[109.2995,30.6306],[109.2788,30.6102],[109.2512,30.5929],[109.2342,30.5893],[109.2275,30.5857],[109.2266,30.5838],[109.2279,30.5809],[109.2451,30.585],[109.2477,30.5832],[109.245,30.5811],[109.2228,30.5696],[109.1921,30.5456],[109.1885,30.5478],[109.169,30.546],[109.1638,30.5371],[109.1506,30.5274],[109.1487,30.5229],[109.1455,30.521],[109.1437,30.5211],[109.1412,30.5251],[109.1406,30.5341],[109.1375,30.5343],[109.1307,30.5307],[109.1244,30.5317],[109.125,30.5387],[109.1135,30.5487],[109.1037,30.5658],[109.1061,30.5708],[109.1086,30.5712],[109.1011,30.5796],[109.1027,30.5802],[109.1102,30.5765],[109.1098,30.5813],[109.1055,30.5857],[109.1059,30.6107],[109.1125,30.6127],[109.1173,30.6205],[109.1174,30.6243],[109.1222,30.6299],[109.1209,30.6358],[109.1119,30.6461],[109.1072,30.6455],[109.1043,30.6399],[109.0993,30.6381],[109.0967,30.6387],[109.0917,30.6459],[109.0874,30.6467],[109.078,30.6427],[109.0764,30.6442],[109.0702,30.6403],[109.0683,30.6425],[109.0558,30.6423],[109.0495,30.6454],[109.0464,30.6492],[109.0452,30.6539],[109.042,30.6551],[109.0382,30.6499],[109.0221,30.643],[109.0143,30.6352],[109.0127,30.6298],[109.0098,30.6272],[109.0042,30.6272],[108.9987,30.6323],[108.9859,30.6229],[108.9813,30.6288],[108.978,30.6298],[108.972,30.6275],[108.9575,30.6159],[108.9439,30.6018],[108.9296,30.5942],[108.927,30.5913],[108.9251,30.592],[108.9162,30.5826],[108.9118,30.5781]]],[[[108.5929,28.6408],[108.5853,28.6396],[108.5845,28.6422],[108.5865,28.647],[108.5853,28.6498],[108.5759,28.6597],[108.5665,28.6626],[108.5648,28.6612],[108.5605,28.6488],[108.5478,28.6479],[108.5378,28.6526],[108.5296,28.6469],[108.5236,28.6467],[108.5215,28.6414],[108.5075,28.6398],[108.5027,28.6376],[108.5032,28.6299],[108.501,28.6267],[108.4913,28.6306],[108.4738,28.6273],[108.4588,28.6349],[108.444,28.6324],[108.417,28.6452],[108.3909,28.6518],[108.3744,28.6629],[108.3607,28.6692],[108.3521,28.6761],[108.344,28.6734],[108.3336,28.6763],[108.3325,28.6796],[108.3391,28.6877],[108.3437,28.6965],[108.3479,28.7103],[108.3462,28.7234],[108.3473,28.7363],[108.3547,28.74],[108.3571,28.7467],[108.3725,28.7601],[108.3768,28.769],[108.3853,28.7722],[108.389,28.7858],[108.3892,28.7924],[108.3865,28.8016],[108.3829,28.8055],[108.3652,28.8101],[108.3542,28.8143],[108.3528,28.8161],[108.3548,28.8347],[108.3481,28.8485],[108.3464,28.8563],[108.3483,28.8622],[108.3553,28.8708],[108.355,28.8813],[108.3574,28.8934],[108.3504,28.9071],[108.3497,28.936],[108.3469,28.9415],[108.3399,28.9479],[108.3256,28.9527],[108.3218,28.9556],[108.3126,28.9971],[108.3087,29.0034],[108.3086,29.0223],[108.2979,29.0472],[108.2983,29.0528],[108.3072,29.0775],[108.3019,29.0831],[108.2965,29.0858],[108.2776,29.0913],[108.2687,29.0895],[108.2675,29.0869],[108.2686,29.0778],[108.2627,29.0704],[108.2604,29.0646],[108.2598,29.05],[108.2569,29.042],[108.2467,29.0343],[108.2432,29.0286],[108.232,29.0274],[108.2251,29.0306],[108.2238,29.0373],[108.2279,29.0389],[108.2304,29.047],[108.2263,29.0508],[108.2189,29.053],[108.215,29.0561],[108.2055,29.0561],[108.1998,29.0646],[108.1982,29.07],[108.1953,29.072],[108.1826,29.0688],[108.1815,29.0655],[108.1714,29.0654],[108.1524,29.0537],[108.134,29.0527],[108.1306,29.0633],[108.1243,29.0689],[108.1141,29.0724],[108.1082,29.0767],[108.0986,29.0771],[108.0961,29.0797],[108.0685,29.0865],[108.0646,29.0848],[108.061,29.0808],[108.0604,29.0768],[108.0501,29.0666],[108.0457,29.0645],[108.0416,29.0603],[108.0409,29.0575],[108.036,29.0541],[108.0345,29.0468],[108.0311,29.0458],[108.0243,29.0387],[108.0147,29.0384],[108.0097,29.0356],[108.0029,29.0359],[107.9939,29.0338],[107.9493,29.0337],[107.9311,29.0352],[107.9264,29.0325],[107.9223,29.0235],[107.9088,29.0073],[107.9049,29.006],[107.8876,29.0085],[107.8835,29.0076],[107.8828,29.0061],[107.8878,28.9991],[107.8861,28.9905],[107.883,28.9865],[107.8746,28.985],[107.872,28.9831],[107.8676,28.9677],[107.867,28.9586],[107.866,28.9612],[107.8628,28.9627],[107.8504,28.9622],[107.842,28.9646],[107.8422,28.9683],[107.8367,28.9691],[107.8281,28.9761],[107.8104,28.9843],[107.8214,29.0064],[107.824,29.035],[107.8279,29.0377],[107.8376,29.0405],[107.8454,29.0389],[107.8538,29.0413],[107.8669,29.0529],[107.8747,29.057],[107.8752,29.0591],[107.8718,29.0674],[107.8731,29.0749],[107.8779,29.0779],[107.8839,29.0782],[107.8891,29.0831],[107.8895,29.0852],[107.8846,29.0972],[107.8839,29.1062],[107.8952,29.1172],[107.8963,29.1201],[107.8929,29.132],[107.8934,29.1408],[107.8958,29.1516],[107.8987,29.1571],[107.8999,29.1664],[107.9038,29.1723],[107.8989,29.1842],[107.8993,29.1869],[107.9013,29.1878],[107.9038,29.1861],[107.9085,29.1897],[107.9188,29.1901],[107.9241,29.1885],[107.9289,29.1848],[107.9352,29.185],[107.9392,29.1799],[107.9429,29.1782],[107.9602,29.1887],[107.9701,29.1985],[107.9689,29.2001],[107.9733,29.2106],[107.9883,29.2193],[107.993,29.2324],[107.9956,29.2358],[107.9985,29.2369],[108.0009,29.2357],[108.0025,29.2296],[108.0048,29.2285],[108.0089,29.2325],[108.0112,29.2422],[108.0103,29.2478],[107.9994,29.2592],[107.9967,29.2645],[107.9991,29.2755],[107.9963,29.2902],[108.0025,29.3052],[108.0033,29.3152],[108.0009,29.3191],[107.9921,29.3254],[107.986,29.3348],[107.9831,29.3514],[107.9772,29.3611],[107.9768,29.365],[107.9884,29.3803],[107.9923,29.3905],[107.9928,29.3974],[107.9895,29.4082],[107.9901,29.4183],[107.9945,29.4231],[107.999,29.4231],[107.9989,29.4257],[108.0009,29.4254],[108.0043,29.4284],[108.0012,29.4358],[108.0035,29.4386],[108.0062,29.4387],[108.0028,29.4421],[108.0131,29.4488],[108.0121,29.4505],[108.0136,29.4557],[108.0105,29.4579],[108.0133,29.459],[108.0092,29.4622],[108.0148,29.4628],[108.0163,29.4668],[108.0137,29.4701],[108.0173,29.4837],[108.0163,29.4898],[108.0176,29.4938],[108.0156,29.5053],[108.0519,29.5288],[108.0734,29.5483],[108.0761,29.5574],[108.067,29.5667],[108.0664,29.5767],[108.0695,29.579],[108.0771,29.578],[108.0864,29.5909],[108.0794,29.597],[108.0756,29.6072],[108.0679,29.6142],[108.056,29.6216],[108.044,29.6226],[108.0337,29.6206],[108.0285,29.6212],[108.0244,29.6195],[108.0103,29.624],[108.0048,29.6298],[108.0002,29.6262],[107.9969,29.6278],[107.9779,29.627],[107.9699,29.6213],[107.9613,29.6086],[107.9499,29.6017],[107.9472,29.6072],[107.9487,29.6231],[107.9444,29.635],[107.936,29.6489],[107.9363,29.6547],[107.9243,29.6548],[107.9087,29.6621],[107.8972,29.6615],[107.8694,29.6681],[107.8549,29.6671],[107.8451,29.6597],[107.8434,29.6568],[107.8439,29.6411],[107.8459,29.6396],[107.8462,29.6359],[107.8452,29.6287],[107.839,29.6108],[107.8394,29.6056],[107.8334,29.5974],[107.8317,29.5924],[107.8334,29.5844],[107.8326,29.5791],[107.8383,29.5745],[107.838,29.5639],[107.8361,29.5592],[107.828,29.5552],[107.8295,29.5477],[107.8274,29.5452],[107.8237,29.5466],[107.8189,29.5547],[107.8141,29.5515],[107.8073,29.5546],[107.8029,29.5637],[107.7918,29.5607],[107.7958,29.5678],[107.7691,29.5781],[107.7685,29.5793],[107.7718,29.5831],[107.7735,29.5828],[107.7725,29.5803],[107.7773,29.5784],[107.7812,29.5825],[107.7764,29.5858],[107.7726,29.5859],[107.7683,29.5971],[107.7615,29.5981],[107.7574,29.6026],[107.7502,29.5998],[107.7457,29.5947],[107.7323,29.5856],[107.7164,29.5967],[107.7091,29.6055],[107.7082,29.6111],[107.7041,29.6129],[107.6982,29.6194],[107.7011,29.6218],[107.7137,29.6426],[107.7194,29.656],[107.6966,29.6603],[107.6847,29.6665],[107.6734,29.6635],[107.6701,29.6679],[107.6701,29.6751],[107.6687,29.6768],[107.6565,29.6862],[107.6416,29.6889],[107.641,29.6914],[107.6329,29.6959],[107.6308,29.699],[107.6312,29.707],[107.6332,29.7114],[107.6328,29.719],[107.6386,29.7292],[107.6403,29.7407],[107.6336,29.745],[107.6308,29.7504],[107.6251,29.7539],[107.629,29.7548],[107.635,29.7597],[107.6381,29.7653],[107.6415,29.763],[107.6437,29.7639],[107.6414,29.7653],[107.6385,29.773],[107.6376,29.7898],[107.6394,29.7967],[107.6397,29.81],[107.6386,29.8133],[107.6352,29.8129],[107.6227,29.8026],[107.617,29.8018],[107.6124,29.803],[107.6046,29.8092],[107.6035,29.8147],[107.6053,29.8178],[107.6047,29.8334],[107.5959,29.835],[107.5939,29.8371],[107.6026,29.8431],[107.6047,29.8531],[107.6141,29.8565],[107.6163,29.8649],[107.6268,29.875],[107.6113,29.8775],[107.6061,29.8837],[107.5987,29.8886],[107.603,29.8974],[107.6005,29.9028],[107.6008,29.9087],[107.597,29.9154],[107.5947,29.9177],[107.591,29.9167],[107.5896,29.9198],[107.5785,29.9246],[107.5732,29.9333],[107.5738,29.9359],[107.5788,29.9403],[107.5795,29.9439],[107.5766,29.9502],[107.5719,29.9511],[107.5619,29.9461],[107.5575,29.9477],[107.5523,29.9517],[107.5521,29.9554],[107.5462,29.9595],[107.5488,29.9621],[107.5469,29.9657],[107.5387,29.9674],[107.5364,29.97],[107.5336,29.9685],[107.5238,29.9787],[107.5175,29.9706],[107.5158,29.96],[107.5042,29.9569],[107.4996,29.9628],[107.5015,29.9674],[107.4989,29.972],[107.4958,29.9723],[107.4875,29.9679],[107.4879,29.9714],[107.4714,29.9888],[107.4719,29.9922],[107.4685,29.9942],[107.467,29.9986],[107.4635,29.9995],[107.458,29.9983],[107.4539,30.0006],[107.4515,30.0083],[107.46,30.0162],[107.4504,30.0231],[107.4469,30.0277],[107.4364,30.0338],[107.4345,30.0334],[107.4275,30.0241],[107.4245,30.0243],[107.4182,30.0155],[107.402,30.0012],[107.3749,29.9735],[107.3628,29.9798],[107.3545,29.9811],[107.348,29.9805],[107.3356,29.974],[107.3255,29.973],[107.3142,29.984],[107.3111,29.9847],[107.308,29.9916],[107.2942,29.9979],[107.294,30.0016],[107.2971,30.0043],[107.3098,30.0055],[107.3111,30.0068],[107.3045,30.0167],[107.3117,30.0202],[107.3079,30.0355],[107.3055,30.0384],[107.2929,30.0449],[107.2861,30.0443],[107.2825,30.0424],[107.2764,30.0436],[107.2795,30.0463],[107.2792,30.0487],[107.2656,30.0554],[107.2646,30.0632],[107.2542,30.0677],[107.2475,30.0753],[107.2532,30.077],[107.26,30.0761],[107.2599,30.0787],[107.262,30.0809],[107.2691,30.0811],[107.2703,30.0841],[107.2687,30.0897],[107.2717,30.0944],[107.2858,30.0911],[107.2909,30.0979],[107.2868,30.1079],[107.2956,30.1225],[107.2929,30.1333],[107.2899,30.1379],[107.2875,30.1383],[107.2717,30.1366],[107.2691,30.1436],[107.2695,30.146],[107.2764,30.1533],[107.2885,30.1713],[107.2884,30.1752],[107.277,30.1811],[107.2695,30.188],[107.2646,30.1951],[107.2614,30.1944],[107.2596,30.1964],[107.2597,30.2018],[107.2544,30.2077],[107.2382,30.2184],[107.2314,30.2199],[107.2283,30.2238],[107.2336,30.2323],[107.2394,30.2376],[107.256,30.2638],[107.2594,30.2718],[107.2597,30.2824],[107.2738,30.3079],[107.2775,30.3112],[107.2828,30.3276],[107.2868,30.3348],[107.3006,30.3514],[107.3215,30.3666],[107.3387,30.3865],[107.3428,30.4017],[107.3414,30.4121],[107.3453,30.4166],[107.3455,30.4255],[107.3508,30.4331],[107.352,30.4402],[107.36,30.4563],[107.3738,30.4734],[107.3765,30.4792],[107.3801,30.4812],[107.3812,30.4853],[107.3888,30.4909],[107.3921,30.5007],[107.3955,30.502],[107.4053,30.5164],[107.4196,30.511],[107.4255,30.5108],[107.4375,30.5019],[107.4468,30.4977],[107.4506,30.4917],[107.456,30.4912],[107.4544,30.4902],[107.4548,30.4886],[107.4614,30.4852],[107.4607,30.4811],[107.4653,30.482],[107.4792,30.4786],[107.4819,30.4797],[107.4899,30.4906],[107.4982,30.4956],[107.5091,30.4953],[107.5162,30.4892],[107.5228,30.4886],[107.5292,30.4922],[107.5318,30.4955],[107.533,30.5006],[107.5444,30.4989],[107.5528,30.5035],[107.5555,30.4985],[107.5534,30.4908],[107.5559,30.4889],[107.5622,30.488],[107.5673,30.4789],[107.5705,30.4773],[107.594,30.4752],[107.6113,30.4801],[107.6124,30.4784],[107.6102,30.4739],[107.6117,30.4721],[107.6176,30.4773],[107.6253,30.4807],[107.6293,30.4856],[107.6342,30.4858],[107.6386,30.4808],[107.6344,30.4731],[107.6369,30.4705],[107.662,30.4698],[107.6703,30.4645],[107.6735,30.4602],[107.6735,30.4539],[107.6691,30.4459],[107.6559,30.4305],[107.6571,30.4232],[107.6618,30.4204],[107.6795,30.4386],[107.6952,30.461],[107.7067,30.4714],[107.7157,30.4826],[107.7204,30.4926],[107.7267,30.4976],[107.7455,30.5217],[107.7489,30.5209],[107.7574,30.5141],[107.7634,30.5143],[107.7658,30.5119],[107.7677,30.5138],[107.769,30.51],[107.7719,30.5088],[107.7714,30.5072],[107.7738,30.5083],[107.7772,30.5064],[107.7792,30.5018],[107.7768,30.5012],[107.7778,30.4976],[107.7765,30.4957],[107.7798,30.4962],[107.7898,30.4883],[107.7933,30.4881],[107.7965,30.4848],[107.7952,30.4816],[107.7965,30.4792],[107.8023,30.4762],[107.8062,30.4708],[107.8127,30.4699],[107.8139,30.4671],[107.8175,30.4715],[107.8137,30.4765],[107.8131,30.4812],[107.8106,30.4824],[107.8128,30.4855],[107.8122,30.4879],[107.8152,30.4916],[107.8137,30.4957],[107.8184,30.498],[107.8192,30.5057],[107.8178,30.516],[107.8143,30.5175],[107.8168,30.5189],[107.814,30.5216],[107.817,30.5233],[107.8161,30.5265],[107.8183,30.5266],[107.8183,30.5295],[107.8278,30.5404],[107.8294,30.5468],[107.8255,30.5528],[107.8313,30.5585],[107.8391,30.5555],[107.8423,30.5569],[107.8454,30.5559],[107.85,30.558],[107.8554,30.555],[107.8617,30.559],[107.8704,30.5473],[107.8817,30.5493],[107.8897,30.5484],[107.8915,30.5444],[107.8872,30.5406],[107.888,30.5348],[107.8865,30.5336],[107.888,30.5301],[107.8863,30.5226],[107.8889,30.5176],[107.8855,30.5112],[107.8967,30.5033],[107.9009,30.5027],[107.9026,30.5046],[107.9079,30.5037],[107.916,30.4953],[107.9248,30.4941],[107.9308,30.4882],[107.937,30.4852],[107.941,30.4858],[107.9422,30.4826],[107.9461,30.4838],[107.9466,30.486],[107.9448,30.4921],[107.9459,30.4934],[107.9431,30.4945],[107.9434,30.5009],[107.9493,30.5106],[107.9537,30.5144],[107.9554,30.5195],[107.9536,30.5227],[107.9597,30.5318],[107.965,30.5305],[107.9726,30.5219],[107.9764,30.5266],[107.9857,30.531],[107.9902,30.5389],[108.0038,30.5422],[108.0279,30.5602],[108.0302,30.5623],[108.0329,30.5731],[108.0377,30.5754],[108.0426,30.5758],[108.0529,30.5721],[108.0627,30.5744],[108.0661,30.5786],[108.0742,30.5823],[108.0834,30.5796],[108.0845,30.5746],[108.0865,30.5728],[108.0956,30.5748],[108.1023,30.5725],[108.1039,30.5734],[108.1021,30.5776],[108.1032,30.5876],[108.1056,30.5915],[108.1116,30.5935],[108.1138,30.5894],[108.1197,30.5906],[108.1272,30.5861],[108.126,30.5772],[108.1197,30.5765],[108.1247,30.5649],[108.1324,30.5644],[108.1395,30.5681],[108.1436,30.5662],[108.1498,30.5496],[108.1531,30.5459],[108.1525,30.5359],[108.1557,30.5361],[108.1652,30.5413],[108.1714,30.5393],[108.1709,30.5329],[108.1656,30.5244],[108.1658,30.5218],[108.1705,30.5182],[108.1735,30.5111],[108.1756,30.5106],[108.1845,30.5182],[108.1935,30.5156],[108.2078,30.4977],[108.2305,30.4767],[108.2318,30.4742],[108.2307,30.464],[108.232,30.4563],[108.2421,30.4444],[108.226,30.4269],[108.2236,30.4213],[108.2347,30.4143],[108.2367,30.4092],[108.2521,30.4063],[108.2599,30.3901],[108.262,30.3886],[108.2769,30.4071],[108.2928,30.4013],[108.2969,30.4014],[108.2999,30.4094],[108.3077,30.4163],[108.3119,30.4233],[108.3167,30.4262],[108.3174,30.4339],[108.3332,30.4504],[108.3388,30.4704],[108.3446,30.477],[108.3507,30.4907],[108.3787,30.5349],[108.3833,30.5381],[108.39,30.536],[108.3946,30.5367],[108.4049,30.5485],[108.4096,30.5451],[108.4101,30.5334],[108.4022,30.5297],[108.3993,30.525],[108.3996,30.5205],[108.4044,30.5157],[108.4113,30.517],[108.413,30.5117],[108.4114,30.5077],[108.4123,30.5031],[108.4189,30.5085],[108.4278,30.5126],[108.4296,30.5119],[108.4242,30.5047],[108.421,30.4972],[108.4241,30.4889],[108.4178,30.4839],[108.4179,30.4813],[108.4142,30.4764],[108.4162,30.4732],[108.416,30.4686],[108.421,30.4659],[108.4198,30.4589],[108.4225,30.4503],[108.4134,30.4433],[108.4118,30.4369],[108.4223,30.4284],[108.4305,30.4156],[108.4219,30.4115],[108.4227,30.4023],[108.4253,30.399],[108.4246,30.3961],[108.4184,30.3935],[108.4037,30.3925],[108.3996,30.3902],[108.4024,30.3817],[108.4018,30.3758],[108.4033,30.3747],[108.4057,30.3757],[108.4156,30.3686],[108.4235,30.3655],[108.4327,30.3541],[108.4526,30.3559],[108.4605,30.3596],[108.4655,30.3507],[108.4692,30.3472],[108.4691,30.3438],[108.4828,30.336],[108.4849,30.332],[108.4943,30.3245],[108.4983,30.3164],[108.5041,30.3137],[108.5104,30.3131],[108.5155,30.3151],[108.5239,30.3092],[108.5236,30.3075],[108.5266,30.3046],[108.524,30.3021],[108.5266,30.2998],[108.5238,30.2976],[108.5246,30.2949],[108.5295,30.295],[108.5339,30.2916],[108.5333,30.2886],[108.5367,30.2798],[108.5384,30.2784],[108.5422,30.2789],[108.5462,30.2763],[108.5458,30.2692],[108.552,30.2643],[108.562,30.2629],[108.566,30.2552],[108.5802,30.2562],[108.5817,30.2559],[108.5821,30.2536],[108.5735,30.2372],[108.5689,30.236],[108.5663,30.2313],[108.5661,30.2287],[108.5689,30.2256],[108.5531,30.1713],[108.5522,30.1633],[108.562,30.1573],[108.5676,30.1574],[108.5675,30.1557],[108.5626,30.1468],[108.5461,30.1044],[108.5332,30.0842],[108.5323,30.0737],[108.5281,30.0712],[108.5253,30.0738],[108.5229,30.0723],[108.5163,30.0642],[108.5135,30.0574],[108.5153,30.053],[108.5242,30.0587],[108.5271,30.059],[108.5318,30.0551],[108.532,30.052],[108.5254,30.0486],[108.5259,30.0469],[108.5302,30.0465],[108.5314,30.0448],[108.5286,30.0256],[108.5289,30.0055],[108.5298,30.0041],[108.5387,30.0024],[108.5426,29.9974],[108.5409,29.9874],[108.5357,29.9816],[108.5338,29.9702],[108.528,29.9618],[108.517,29.9363],[108.516,29.9278],[108.5244,29.9099],[108.5237,29.9063],[108.5209,29.9039],[108.5243,29.8953],[108.5218,29.8907],[108.5162,29.8856],[108.5183,29.8826],[108.5195,29.8744],[108.518,29.8675],[108.5165,29.8651],[108.5096,29.8721],[108.5109,29.8764],[108.509,29.8786],[108.5009,29.8795],[108.4957,29.8769],[108.4908,29.868],[108.4681,29.8642],[108.4589,29.8648],[108.4555,29.8669],[108.4531,29.8717],[108.4338,29.8801],[108.4282,29.8803],[108.4249,29.8787],[108.4262,29.8728],[108.4217,29.8705],[108.417,29.8652],[108.4131,29.8655],[108.4108,29.8615],[108.4084,29.8607],[108.4077,29.8576],[108.4048,29.8584],[108.4033,29.856],[108.4011,29.8565],[108.3924,29.8636],[108.3867,29.8613],[108.3923,29.854],[108.3715,29.8416],[108.3709,29.839],[108.3731,29.8349],[108.3703,29.8323],[108.367,29.8204],[108.3721,29.818],[108.3942,29.8165],[108.3959,29.8293],[108.3931,29.8358],[108.3968,29.8375],[108.4035,29.8355],[108.4056,29.8244],[108.4081,29.8212],[108.4164,29.8178],[108.4213,29.8184],[108.4245,29.8153],[108.4252,29.803],[108.4201,29.7995],[108.4193,29.7921],[108.417,29.7873],[108.4213,29.7741],[108.4251,29.7727],[108.4414,29.7787],[108.4448,29.7759],[108.4455,29.7644],[108.442,29.7579],[108.4388,29.7574],[108.4401,29.7501],[108.4371,29.7408],[108.4469,29.7387],[108.4614,29.7406],[108.4637,29.7344],[108.4693,29.7284],[108.4882,29.724],[108.5036,29.7085],[108.5064,29.7082],[108.5128,29.7031],[108.5247,29.6995],[108.5267,29.6968],[108.5255,29.687],[108.5225,29.6819],[108.516,29.6784],[108.5044,29.677],[108.5022,29.6747],[108.5038,29.6641],[108.5019,29.661],[108.4986,29.6604],[108.4981,29.6564],[108.4953,29.6533],[108.4959,29.6505],[108.49,29.6425],[108.4871,29.6248],[108.4885,29.6227],[108.4931,29.6234],[108.5019,29.6212],[108.5053,29.618],[108.5041,29.6133],[108.507,29.6111],[108.513,29.6143],[108.515,29.6119],[108.5173,29.6011],[108.5299,29.5912],[108.535,29.5889],[108.5345,29.5722],[108.5421,29.567],[108.5447,29.5611],[108.5484,29.5576],[108.5477,29.5474],[108.5391,29.5453],[108.5362,29.54],[108.5326,29.5399],[108.5201,29.5445],[108.5107,29.5418],[108.506,29.5369],[108.5024,29.5266],[108.4945,29.5198],[108.4949,29.5141],[108.4983,29.5098],[108.4983,29.5023],[108.5013,29.4999],[108.5078,29.5035],[108.5221,29.4966],[108.5397,29.4917],[108.5554,29.4907],[108.5617,29.4917],[108.5818,29.4813],[108.5859,29.4756],[108.5825,29.4715],[108.5814,29.4637],[108.5853,29.4591],[108.5884,29.4519],[108.5922,29.4486],[108.5931,29.4448],[108.5763,29.4171],[108.5548,29.4121],[108.5528,29.3897],[108.5482,29.3856],[108.5472,29.3817],[108.5515,29.3784],[108.5503,29.3708],[108.5554,29.3655],[108.5616,29.3535],[108.5579,29.341],[108.5497,29.3283],[108.5481,29.3188],[108.5495,29.3154],[108.5572,29.3102],[108.5604,29.3061],[108.569,29.305],[108.5736,29.3024],[108.585,29.2832],[108.584,29.2791],[108.5794,29.2758],[108.5707,29.2627],[108.5761,29.2509],[108.5683,29.2362],[108.5702,29.2266],[108.5652,29.2218],[108.5532,29.2172],[108.5489,29.2084],[108.5556,29.187],[108.575,29.1626],[108.5697,29.1507],[108.563,29.1469],[108.5624,29.1409],[108.5587,29.1395],[108.5676,29.1323],[108.5708,29.1244],[108.5798,29.1256],[108.5788,29.1213],[108.5806,29.118],[108.5833,29.1181],[108.5893,29.1121],[108.5941,29.1133],[108.5983,29.1057],[108.5903,29.101],[108.5872,29.0951],[108.5994,29.0869],[108.6065,29.0984],[108.607,29.1021],[108.6032,29.104],[108.6037,29.1062],[108.6079,29.109],[108.6163,29.1093],[108.6146,29.0954],[108.6207,29.0874],[108.624,29.0894],[108.6257,29.0879],[108.6222,29.074],[108.6253,29.0729],[108.6298,29.0732],[108.638,29.0786],[108.6465,29.0819],[108.6576,29.0762],[108.6613,29.0716],[108.665,29.0726],[108.667,29.075],[108.6672,29.0788],[108.6628,29.0904],[108.6705,29.0939],[108.6642,29.1038],[108.6645,29.107],[108.6676,29.1082],[108.6785,29.1052],[108.682,29.1056],[108.6864,29.1093],[108.6929,29.1076],[108.6982,29.1027],[108.702,29.0926],[108.7206,29.0824],[108.7269,29.0805],[108.734,29.0863],[108.7436,29.0862],[108.7462,29.0875],[108.7476,29.0924],[108.7419,29.0958],[108.7448,29.0977],[108.7484,29.0963],[108.7501,29.0975],[108.7498,29.1095],[108.7733,29.1096],[108.7755,29.1141],[108.7758,29.124],[108.7785,29.1252],[108.7849,29.1233],[108.7935,29.1256],[108.7947,29.1278],[108.7987,29.1291],[108.807,29.1283],[108.8135,29.1212],[108.8203,29.1216],[108.8332,29.1174],[108.8325,29.111],[108.8332,29.11],[108.8367,29.1114],[108.8378,29.1099],[108.836,29.108],[108.8371,29.1072],[108.8459,29.1051],[108.8498,29.106],[108.8557,29.1226],[108.8531,29.1239],[108.8553,29.1294],[108.8543,29.1329],[108.8589,29.1372],[108.8659,29.1538],[108.8824,29.1791],[108.8959,29.2084],[108.9153,29.2155],[108.9251,29.2226],[108.9237,29.2275],[108.9255,29.2331],[108.9297,29.2348],[108.9329,29.241],[108.938,29.2448],[108.9475,29.2605],[108.9486,29.2658],[108.9546,29.2674],[108.9539,29.2724],[108.939,29.2741],[108.9324,29.2768],[108.9198,29.2837],[108.9178,29.291],[108.9154,29.2936],[108.9037,29.2957],[108.9077,29.3038],[108.909,29.3135],[108.9128,29.3165],[108.9173,29.3242],[108.9248,29.3281],[108.9367,29.3272],[108.9541,29.331],[108.9724,29.3292],[108.9762,29.3325],[108.9837,29.3331],[108.9862,29.3368],[108.9858,29.3531],[108.9876,29.3547],[108.9947,29.355],[108.9994,29.3639],[109.0098,29.3602],[109.0265,29.361],[109.0343,29.3598],[109.0343,29.382],[109.0399,29.3898],[109.0505,29.3964],[109.0521,29.402],[109.0589,29.4033],[109.0642,29.4017],[109.072,29.3945],[109.0808,29.3907],[109.0904,29.3787],[109.1017,29.3735],[109.107,29.3655],[109.1125,29.361],[109.1138,29.3523],[109.1099,29.3421],[109.1146,29.3328],[109.1086,29.3199],[109.1135,29.3164],[109.1139,29.3142],[109.1094,29.3015],[109.1046,29.2931],[109.1065,29.2886],[109.1105,29.2871],[109.1132,29.2879],[109.13,29.2825],[109.142,29.2705],[109.1315,29.2548],[109.1298,29.2486],[109.1246,29.246],[109.1248,29.2415],[109.1185,29.2324],[109.1194,29.2274],[109.1161,29.2248],[109.1103,29.2155],[109.1154,29.21],[109.1153,29.2062],[109.1238,29.1983],[109.1251,29.1942],[109.123,29.1913],[109.1336,29.1766],[109.14,29.169],[109.154,29.1721],[109.1589,29.1784],[109.1636,29.1809],[109.171,29.1779],[109.1743,29.1731],[109.1801,29.1719],[109.186,29.1652],[109.194,29.1613],[109.2031,29.1518],[109.2155,29.1453],[109.2192,29.1389],[109.2302,29.1277],[109.2324,29.1165],[109.2259,29.1135],[109.2284,29.1113],[109.2302,29.1033],[109.2345,29.0968],[109.2355,29.0879],[109.2401,29.0864],[109.2578,29.0868],[109.2667,29.0791],[109.2738,29.0787],[109.2912,29.0696],[109.3012,29.0707],[109.3102,29.0682],[109.3122,29.0663],[109.3142,29.0556],[109.3196,29.0466],[109.3196,29.0426],[109.3121,29.0351],[109.3052,29.0211],[109.2982,29.0184],[109.2945,29.0151],[109.2949,29.0098],[109.2921,29.0031],[109.2924,28.9877],[109.2866,28.9742],[109.282,28.9716],[109.2716,28.9706],[109.2632,28.9561],[109.2556,28.9292],[109.2576,28.9188],[109.2568,28.9077],[109.2529,28.9079],[109.2502,28.9062],[109.2475,28.8974],[109.2399,28.892],[109.2407,28.8889],[109.2382,28.8876],[109.2354,28.8817],[109.2347,28.872],[109.2351,28.8679],[109.2381,28.8657],[109.2345,28.8654],[109.2339,28.8641],[109.2386,28.8608],[109.2425,28.8546],[109.2406,28.8392],[109.2426,28.8345],[109.2395,28.8282],[109.2423,28.8224],[109.2424,28.8172],[109.246,28.8126],[109.2463,28.8009],[109.2417,28.7937],[109.2397,28.7828],[109.2405,28.7781],[109.2426,28.7756],[109.2482,28.7734],[109.2562,28.7757],[109.2613,28.7749],[109.2594,28.7726],[109.26,28.7674],[109.2562,28.7682],[109.2562,28.7656],[109.271,28.7603],[109.2733,28.7608],[109.2767,28.7583],[109.2769,28.7563],[109.2798,28.7564],[109.28,28.7531],[109.2785,28.7515],[109.2926,28.7502],[109.2987,28.7472],[109.3007,28.7397],[109.2991,28.7367],[109.2894,28.7303],[109.2882,28.7273],[109.2945,28.7223],[109.2947,28.7191],[109.2849,28.7139],[109.2777,28.7055],[109.2733,28.7058],[109.2715,28.699],[109.265,28.6995],[109.2574,28.6961],[109.2529,28.6916],[109.2531,28.6883],[109.2564,28.6843],[109.2662,28.6802],[109.2706,28.6744],[109.2706,28.6713],[109.2664,28.6678],[109.2407,28.6558],[109.2189,28.6481],[109.2029,28.638],[109.1958,28.6379],[109.1921,28.6345],[109.1895,28.6273],[109.1814,28.6217],[109.1806,28.6196],[109.1829,28.616],[109.1885,28.6154],[109.1863,28.6106],[109.2002,28.6024],[109.2022,28.5979],[109.2122,28.6069],[109.2171,28.6075],[109.2264,28.6137],[109.2316,28.6193],[109.2367,28.6192],[109.2449,28.614],[109.252,28.6068],[109.2589,28.6056],[109.2698,28.612],[109.2785,28.6124],[109.2787,28.617],[109.2875,28.6271],[109.2914,28.6272],[109.2941,28.6253],[109.2999,28.6265],[109.3066,28.6207],[109.3054,28.6188],[109.3086,28.6149],[109.3094,28.608],[109.3065,28.6069],[109.3044,28.602],[109.3094,28.5988],[109.3116,28.5921],[109.3155,28.5869],[109.3183,28.5877],[109.3208,28.5863],[109.3213,28.5848],[109.3195,28.5829],[109.321,28.5807],[109.3202,28.5798],[109.3169,28.5814],[109.314,28.5795],[109.3058,28.5794],[109.3009,28.5767],[109.3002,28.5721],[109.2951,28.5673],[109.2944,28.5571],[109.2917,28.5551],[109.2887,28.5458],[109.2739,28.5385],[109.2745,28.5252],[109.2804,28.5204],[109.2782,28.5164],[109.2717,28.5132],[109.2744,28.5039],[109.2733,28.5021],[109.2744,28.4947],[109.2383,28.4794],[109.2336,28.4749],[109.2296,28.4749],[109.2266,28.4787],[109.2155,28.4821],[109.2113,28.4813],[109.2078,28.478],[109.2018,28.4774],[109.1994,28.4731],[109.1918,28.4709],[109.1922,28.4631],[109.1878,28.4584],[109.187,28.4546],[109.1772,28.4509],[109.1782,28.4495],[109.1766,28.4462],[109.1806,28.4383],[109.176,28.4311],[109.1684,28.4321],[109.1656,28.4304],[109.1679,28.425],[109.1647,28.4147],[109.1556,28.4175],[109.1532,28.4166],[109.1521,28.4105],[109.1572,28.4026],[109.1536,28.3973],[109.1546,28.3904],[109.1526,28.3851],[109.1531,28.3811],[109.1448,28.3638],[109.1386,28.3586],[109.1488,28.3531],[109.1524,28.3484],[109.1511,28.3449],[109.1377,28.3342],[109.1413,28.3253],[109.1412,28.3205],[109.1317,28.3073],[109.1268,28.2969],[109.1165,28.2897],[109.1192,28.2837],[109.1176,28.2786],[109.1129,28.2739],[109.1029,28.2683],[109.1004,28.2638],[109.096,28.2618],[109.088,28.2614],[109.0815,28.2486],[109.0861,28.2402],[109.0858,28.2315],[109.0983,28.218],[109.1018,28.2073],[109.0996,28.198],[109.0964,28.1963],[109.0895,28.1962],[109.0864,28.1847],[109.0821,28.1844],[109.0737,28.1892],[109.0614,28.2001],[109.0538,28.1997],[109.043,28.2034],[109.0416,28.2053],[109.0416,28.2111],[109.0382,28.2174],[109.0333,28.2158],[109.0268,28.2201],[109.0248,28.2198],[109.0247,28.2156],[109.0126,28.1973],[109.0123,28.1925],[109.015,28.1815],[109.0092,28.1669],[109.0016,28.1614],[108.9874,28.1603],[108.9778,28.1728],[108.9671,28.1758],[108.9542,28.1832],[108.9294,28.1906],[108.9276,28.194],[108.9279,28.2003],[108.9332,28.2079],[108.9308,28.2121],[108.9226,28.2174],[108.9105,28.2155],[108.8957,28.2196],[108.8645,28.2061],[108.8551,28.1999],[108.846,28.2007],[108.8362,28.2074],[108.8337,28.2115],[108.8333,28.2179],[108.8265,28.2255],[108.8244,28.231],[108.8246,28.2408],[108.8218,28.2451],[108.8056,28.2421],[108.7987,28.2247],[108.7756,28.2162],[108.7733,28.2135],[108.7719,28.2061],[108.7653,28.1921],[108.7613,28.1917],[108.7583,28.1973],[108.7602,28.2114],[108.7587,28.2202],[108.7525,28.2267],[108.7475,28.2276],[108.7414,28.2257],[108.7388,28.2274],[108.7376,28.2514],[108.7279,28.2592],[108.725,28.2752],[108.7269,28.2823],[108.7335,28.2856],[108.7411,28.2949],[108.7638,28.3056],[108.7701,28.315],[108.7693,28.3173],[108.7619,28.321],[108.761,28.3231],[108.7712,28.3375],[108.7758,28.3403],[108.7785,28.3508],[108.7774,28.3666],[108.783,28.3732],[108.784,28.3785],[108.7817,28.3809],[108.7628,28.3858],[108.76,28.3893],[108.7631,28.3983],[108.7705,28.4079],[108.7733,28.4164],[108.7784,28.421],[108.7826,28.4278],[108.7793,28.4274],[108.7735,28.4383],[108.7468,28.4502],[108.7457,28.453],[108.7493,28.4555],[108.7491,28.4611],[108.7448,28.4644],[108.7437,28.4676],[108.7339,28.4689],[108.7283,28.472],[108.7249,28.4784],[108.7234,28.492],[108.7105,28.501],[108.7084,28.4992],[108.7014,28.4825],[108.6886,28.4825],[108.6711,28.4753],[108.6586,28.478],[108.6492,28.4701],[108.6453,28.4686],[108.6408,28.4576],[108.6415,28.4557],[108.6492,28.4508],[108.6663,28.4425],[108.6699,28.4315],[108.6762,28.4277],[108.6836,28.4269],[108.6888,28.4217],[108.6919,28.4089],[108.6968,28.4046],[108.6966,28.4002],[108.6928,28.3947],[108.6858,28.393],[108.681,28.3886],[108.6731,28.389],[108.671,28.3862],[108.6647,28.3829],[108.6646,28.3768],[108.6587,28.3676],[108.6565,28.359],[108.6573,28.352],[108.6597,28.3503],[108.6739,28.3545],[108.6774,28.3493],[108.6762,28.3437],[108.6674,28.3344],[108.6458,28.3308],[108.6377,28.3331],[108.6308,28.328],[108.614,28.3245],[108.6104,28.3256],[108.6095,28.3306],[108.6033,28.3404],[108.5967,28.3423],[108.5801,28.3433],[108.5759,28.3625],[108.5796,28.3665],[108.5771,28.3721],[108.5762,28.3806],[108.5775,28.3902],[108.5874,28.405],[108.6078,28.4063],[108.6111,28.421],[108.6075,28.4257],[108.6099,28.4357],[108.6028,28.4389],[108.6009,28.442],[108.5972,28.4568],[108.5868,28.4631],[108.5892,28.4738],[108.5876,28.4793],[108.582,28.4854],[108.5749,28.4977],[108.5811,28.507],[108.578,28.509],[108.5767,28.522],[108.5734,28.5296],[108.5776,28.5321],[108.5769,28.5338],[108.5852,28.5376],[108.611,28.5394],[108.6133,28.5432],[108.6108,28.5457],[108.6084,28.5542],[108.6047,28.5903],[108.6169,28.6045],[108.636,28.6218],[108.6344,28.6256],[108.635,28.6348],[108.6324,28.6389],[108.6233,28.6414],[108.6136,28.6361],[108.6032,28.6347],[108.5994,28.6417],[108.5966,28.6411],[108.5929,28.6408]]]]}}]}